{
    "sideBar1": {
      "title": "Specification Management",
      "items": [
        {
          "tile": {
            "title": "Report Management",
            "image": "paramSpecManagement.png",
            "subtitle": "Report Management",
            "action": "createSideBar2"
          },
          "className": "YATG-first-navbar-list"
        },
        {
          "tile": {
            "title": "TPL Creation",
            "image": "xProject.png",
            "subtitle": "TPL Creation",
            "action": "createDesignSideBar2"
          },
          "className": "YATG-first-navbar-list"
        }
      ]
    },
    "sideBar2": {

      "TestReprot": [
        {
          "text": "Generate Controlled Copy",
          "image": "paramDocumentControl.png",
          "title": "Generate Controlled Copy (PDF)",
          "callback": "showControlledCopyButtons"
        }
      ],
      "TPL": [
        {
          "text": "Create TPL",
          "image": "createOrModify.png",
          "title": "Create TPL",
          "callback": "ShowDesignPhyCreateOb"
        },
		{
          "text": "Part Number",
          "image": "createOrModify.png",
          "title": "Generate Part Number",
          "callback": "ShowPartNumberingOb"
        }
      ]
    }
  }
  