{
    "Tabs":[
        {
            "id":"tab1",
            "type":"radio",
            "name":"tabs",
            "label":"Cavity",
            "default":"true"
        },
        {
            "id":"tab2",
            "type":"radio",
            "name":"tabs",
            "label":"CTLO"
        },
        {
            "id":"tab3",
            "type":"radio",
            "name":"tabs",
            "label":"Pattern"
        },
        {
            "id":"tab4",
            "type":"radio",
            "name":"tabs",
            "label":"Material"
        }
    ]
}