{
  "ClassNameMap": {
    "UnAssigned": "UnAssigned-UnAssigned",
    "00": "00-ElgiStandardCodeBookItems-ESC",
    "01": "01-ElectricPoweredScrewAirCompressor-EPSAC",
    "02": "02-ReciprocatingAirCompressor-RAC",
    "03": "03-DieselPoweredScrewAirCompressor-DPSAC",
    "04": "04-AirReceiver-AR",
    "05": "05-VacuumPumps",
    "06": "06-BorewellPump-BP",
    "07": "07-RailwayProducts-RLY",
    "08": "08-MobileUtilityVehicle-MUV",
    "09": "09-AutomotiveProducts-AP",
    "10": "10-ElectricMotors",
    "11": "11-ReciprocatingPump-RP",
    "12": "12-Hoist-HT",
    "13": "13-LubricatingPump-LP",
    "14": "14-HoseReel-HR",
    "15": "15-TyreInflater-TI",
    "16": "16-PenetratingLiquidSprayer-PP",
    "17": "17-VariableFrequencyDrive",
    "18": "18-AirDryers",
    "19": "19-SparkPlugTester-SPT",
    "20": "20-TyreChanger-TC",
    "21": "21-CentralizedLubSystem-CLS",
    "22": "22-MobileDrainUnit-MDU",
    "23": "23-WheelBalancer-WB",
    "24": "24-OilSuctionUnit-OSU",
    "25": "25-ACRecoveryPlant-ACRP",
    "26": "26-AutoShutOffNozzle-ASON",
    "27": "27-DieselPoweredCentrifugalWaterPump-DPCWP",
    "29": "29-DieselPoweredGeneratingSet-DPGS",
    "30": "30-RimStraighter-RS",
    "31": "31-DefenceProduct-DP",
    "32": "32-SpecialCompressor-SPL",
    "33": "33-DieselEngine-DE",
    "34": "34-NewGenerationCompressors-NGC",
    "36": "36-AirTools-ART",
    "37": "37-AutoService-Unit-ASU",
    "38": "38-WheelAligner-WA",
    "39": "39-ExhaustGasAligner-EGA",
    "40": "40-SmokeMeter-SMR",
    "41": "41-OilFreeScrewCompressor-OFSAC",
    "42": "42-CentrifigualAirCompressor-CAC",
    "43": "43-WaterRecyclingPlant",
    "44": "44-DECALS",
    "45": "45-InjectorServiceUnit-ISU",
    "46": "46-PaintBooth-PB",
    "47": "47-HeadLightCenDevice-HLCD",
    "48": "48-CrashRepairSystem-CRS",
    "49": "49-LeakDetector-LD",
    "50": "50-MedicalGasAlarmSystem-MGAS",
    "51": "51-Foundry",
    "52": "52-RefrigerantIdentifier-RI",
    "53": "53-BatteryTester-BT",
    "54": "54-BrakeTester-BRT",
    "55": "55-Tiranga",
    "56": "56-FuelConsumptionMeter",
    "57": "57-ExhaustExtractionSystem-EES",
    "58": "58-TwoWheelerDiagnostic",
    "60": "60-Dryer",
    "61": "61-Simulator",
    "62": "62-COMBINEDExhaustGasAnalyserAndSmokemeterEGAandSMR",
    "64": "64-DepollutionEquipment-Kit",
    "66": "66-AGNI",
    "70": "70-DryerDessicant",
    "74": "74-EV-Products",
    "77": "77-COMPRESSORS",
    "78": "78-Axis-102",
    "79": "79-Axis-159",
    "80": "80-Axis-225",
    "81": "81-Axis-284",
    "82": "82-Axis-310",
    "83": "83-Axis-159-II-stg",
    "87": "87-PVD-ITEMS",
    "88": "88-JorcIndustiresBVAccessories",
    "89": "89-Test-Lane",
    "90": "90-Welding-mc-Traded",
    "93": "93-PackingConsumables",
    "95": "95-Rotair",
    "96": "96-JIGS-FIXTURES",
    "97": "97-VALVES",
    "99": "99-AirEnds",
    "100": "100-ElectricalSubsystem-HO",
    "101": "101-ElectricalSubsystem-ATS",
    "102": "102-Marine",
    "103": "103-CommercialShipping",
    "104": "104-Industrial",
    "105": "105-Offshore"
  }
}
