{
	"ELGI_CA_ProductGroupType":{
		"values": [
				  "UnAssigned",
				  "00-ElgiStandardCodeBookItems-ESC",
				  "01-ElectricPoweredScrewAirCompressor-EPSAC",
				  "02-ReciprocatingAirCompressor-RAC",
				  "03-DieselPoweredScrewAirCompressor-DPSAC",
				  "04-AirReceiver-AR",
				  "05-VacuumPumps",
				  "06-BorewellPump-BP",
				  "07-RailwayProducts-RLY",
				  "08-MobileUtilityVehicle-MUV",
				  "09-AutomotiveProducts-AP",
				  "10-ElectricMotors",
				  "11-ReciprocatingPump-RP",
				  "12-Hoist-HT",
				  "13-LubricatingPump-LP",
				  "14-HoseReel-HR",
				  "15-TyreInflater-TI",
				  "16-PenetratingLiquidSprayer-PP",
				  "17-VariableFrequencyDrive",
				  "18-AirDryers",
				  "19-SparkPlugTester-SPT",
				  "20-TyreChanger-TC",
				  "21-CentralizedLubSystem-CLS",
				  "22-MobileDrainUnit-MDU",
				  "23-WheelBalancer-WB",
				  "24-OilSuctionUnit-OSU",
				  "25-ACRecoveryPlant-ACRP",
				  "26-AutoShutOffNozzle-ASON",
				  "27-DieselPoweredCentrifugalWaterPump-DPCWP",
				  "29-DieselPoweredGeneratingSet-DPGS",
				  "30-RimStraighter-RS",
				  "31-DefenceProduct-DP",
				  "32-SpecialCompressor-SPL",
				  "33-DieselEngine-DE",
				  "34-NewGenerationCompressors-NGC",
				  "36-AirTools-ART",
				  "37-AutoService-Unit-ASU",
				  "38-WheelAligner-WA",
				  "39-ExhaustGasAligner-EGA",
				  "40-SmokeMeter-SMR",
				  "41-OilFreeScrewCompressor-OFSAC",
				  "42-CentrifigualAirCompressor-CAC",
				  "43-WaterRecyclingPlant",
				  "44-DECALS",
				  "45-InjectorServiceUnit-ISU",
				  "46-PaintBooth-PB",
				  "47-HeadLightCenDevice-HLCD",
				  "48-CrashRepairSystem-CRS",
				  "49-LeakDetector-LD",
				  "50-MedicalGasAlarmSystem-MGAS",
				  "51-Foundry",
				  "52-RefrigerantIdentifier-RI",
				  "53-BatteryTester-BT",
				  "54-BrakeTester-BRT",
				  "55-Tiranga",
				  "56-FuelConsumptionMeter",
				  "57-ExhaustExtractionSystem-EES",
				  "58-TwoWheelerDiagnostic",
				  "60-Dryer",
				  "61-Simulator",
				  "62-COMBINEDExhaustGasAnalyserAndSmokemeterEGAandSMR",
				  "64-DepollutionEquipment-Kit",
				  "66-AGNI",
				  "70-DryerDessicant",
				  "74-EV-Products",
				  "77-COMPRESSORS",
				  "78-Axis-102",
				  "79-Axis-159",
				  "80-Axis-225",
				  "81-Axis-284",
				  "82-Axis-310",
				  "83-Axis-159-II-stg",
				  "87-PVD-ITEMS",
				  "88-JorcIndustiresBVAccessories",
				  "89-Test-Lane",
				  "90-Welding-mc-Traded",
				  "93-PackingConsumables",
				  "95-Rotair",
				  "96-JIGS-FIXTURES",
				  "97-VALVES",
				  "99-AirEnds",
				  "100-ElectricalSubsystem-HO",
				  "101-ElectricalSubsystem-ATS",
				  "102-Marine",
				  "103-CommercialShipping",
				  "104-Industrial",
				  "105-Offshore"
				],
		"defaultValue" : "UnAssigned"
	},
	"ELGI_CA_PartType":{
		"values" : [
					  "Assy","Assy_EG-EN","NonStdAssy"
					],
		"defaultValue" : "Assy"
	},
	"ELGI_CA_PartCategory":{
		"values" : [
					  "Unassigned","Non-Standard Part", "Bought-out Part"
					],
		"defaultValue" : "Unassigned"
	}
}