{
    "MainSection":{
        "attributes":[
            {
                "id":"Title",
                "name":"V_Name"
            },
            {
                "id":"Revisison",
                "name":"revision"
            }
        ]
    },
    "SubSection":{
        "attributes":[
            {
                "id":"EnterpriseExtension",
                "name":"EnterpriseExtension.V_PartNumber",
                "label": "EIN Number"
            },
            {
                "id":"BOType",
                "name":"type",
                "label":"Type"
            },
            {
                "id":"Status",
                "name":"current",
                "label":"Maturity State"
            },
            {
                "id":"owner",
                "name":"owner",
                "label":"Owner"
            },
            {
                "id":"ModifiedDate",
                "name":"modified",
                "label":"Modified Date"
            },
            {
                "id":"PatternName",
                "name":"YATG_CavitySpecification.YATG_DP_PatternName",
                "label":"Pattern Name"
            }
        ]
    }
}