{
    "id": "YATGPattern",
    "gridID": "PatternGrid",
    "Header": [
        {
            "classname": "yatg-grid-header",
            "label": "Parameter",
            "id": "YATG_PatternParameter"
        },
        {
            "classname": "yatg-grid-header",
            "label": "Specification",
            "id": "YATG_PatternSpecification"
        },
        {
            "classname": "yatg-grid-header",
            "label": "Minimum",
            "id": "YATG_PatternMinimum"
        },
        {
            "classname": "yatg-grid-header",
            "label": "Maximum",
            "id": "YATG_PatternMaximum"
        },
        {
            "classname": "yatg-grid-header",
            "label": "Remark",
            "id": "YATG_PatternRemark"
        }
    ],
    "table": [
        {
            "Parameter": "Pattern Type",
            "Specification": {
                "type": "text",
                "source": "Manual",
                "inputtype": "dropdown",
                "id": "YATG_PatternSpecification.YATG_DP_PatternType",
                "editable": true,
                "mandatory": true
            },
            "Minimum": {
                "type": "text",
                "source": "Manual",
                "id": "YATG_PatternMinimum.YATG_DP_PatternType",
                "editable": false,
                "mandatory": false
            },
            "Maximum": {
                "type": "text",
                "source": "Manual",
                "id": "YATG_PatternMaximum.YATG_DP_PatternType",
                "editable": false,
                "mandatory": false
            },
            "Remark": {
                "type": "text",
                "source": "Manual",
                "inputtype": "String",
                "id": "YATG_PatternRemark.YATG_DP_PatternType",
                "editable": false,
                "mandatory": false
            }
        },
        {
            "Parameter": "Shoulder Groove Opening At Butteress",
            "hasPlusBtn": true,
            "Specification": {
                "type": "text",
                "source": "Manual",
                "inputtype": "dropdown",
                "id": "YATG_PatternSpecification.YATG_DP_ShoulderGrooveOpening",
                "editable": true,
                "mandatory": true
            },
            "Minimum": {
                "type": "text",
                "source": "Manual",
                "id": "YATG_PatternMinimum.YATG_DP_ShoulderGrooveOpening",
                "editable": false,
                "mandatory": false
            },
            "Maximum": {
                "type": "text",
                "source": "Manual",
                "id": "YATG_PatternMaximum.YATG_DP_ShoulderGrooveOpening",
                "editable": false,
                "mandatory": false
            },
            "Remark": {
                "type": "text",
                "source": "Manual",
                "inputtype": "String",
                "id": "YATG_PatternRemark.YATG_DP_ShoulderGrooveOpening",
                "editable": false,
                "mandatory": false
            }
        },
        {
            "Parameter": "Shoulder Groove Base Radius at Butteress opening",
            "isHidden": true,
            "dependentAttribute": "YATG_PatternSpecification.YATG_DP_ShoulderGrooveOpening",
            "DisplayOnValue": "Yes",
            "Specification": {
                "type": "text",
                "inputtype": "String",
                "source": "Manual",
                "id": "YATG_PatternSpecification.YATG_DP_ShoulderGrooveBaseRadius",
                "editable": true,
                "mandatory": true
            },
            "Minimum": {
                "type": "text",
                "source": "Manual",
                "id": "YATG_PatternMinimum.YATG_DP_ShoulderGrooveBaseRadius",
                "editable": true,
                "mandatory": false
            },
            "Maximum": {
                "type": "text",
                "source": "Manual",
                "id": "YATG_PatternMaximum.YATG_DP_ShoulderGrooveBaseRadius",
                "editable": true,
                "mandatory": false
            },
            "Remark": {
                "type": "text",
                "source": "Manual",
                "inputtype": "String",
                "id": "YATG_PatternRemark.YATG_DP_ShoulderGrooveBaseRadius",
                "editable": true,
                "mandatory": false
            }
        },
        {
            "Parameter": "Shoulder Groove Draft Angle At Butteress Opening",
            "isHidden": true,
            "dependentAttribute": "YATG_PatternSpecification.YATG_DP_ShoulderGrooveOpening",
            "DisplayOnValue": "Yes",
            "Specification": {
                "type": "text",
                "inputtype": "String",
                "source": "Manual",
                "id": "YATG_PatternSpecification.YATG_DP_ShoulderGrooveDraft",
                "editable": true,
                "mandatory": true
            },
            "Minimum": {
                "type": "text",
                "source": "Manual",
                "id": "YATG_PatternMinimum.YATG_DP_ShoulderGrooveDraft",
                "editable": true,
                "mandatory": false
            },
            "Maximum": {
                "type": "text",
                "source": "Manual",
                "id": "YATG_PatternMaximum.YATG_DP_ShoulderGrooveDraft",
                "editable": true,
                "mandatory": false
            },
            "Remark": {
                "type": "text",
                "source": "Manual",
                "inputtype": "String",
                "id": "YATG_PatternRemark.YATG_DP_ShoulderGrooveDraft",
                "editable": true,
                "mandatory": false
            }
        },
        {
            "Parameter": "Butteress Groove",
            "hasPlusBtn": true,
            "Specification": {
                "type": "text",
                "source": "Manual",
                "inputtype": "dropdown",
                "id": "YATG_PatternSpecification.YATG_DP_ButteressGroove",
                "editable": true,
                "mandatory": true
            },
            "Minimum": {
                "type": "text",
                "source": "Manual",
                "id": "YATG_PatternMinimum.YATG_DP_ButteressGroove",
                "editable": false,
                "mandatory": false
            },
            "Maximum": {
                "type": "text",
                "source": "Manual",
                "id": "YATG_PatternMaximum.YATG_DP_ButteressGroove",
                "editable": false,
                "mandatory": false
            },
            "Remark": {
                "type": "text",
                "source": "Manual",
                "inputtype": "String",
                "id": "YATG_PatternRemark.YATG_DP_ButteressGroove",
                "editable": false,
                "mandatory": false
            }
        },
        {
            "Parameter": "Butteress Groove Width",
            "isHidden": true,
            "dependentAttribute": "YATG_PatternSpecification.YATG_DP_ButteressGroove",
            "DisplayOnValue": "Yes",
            "Specification": {
                "type": "text",
                "inputtype": "String",
                "source": "Manual",
                "id": "YATG_PatternSpecification.YATG_DP_ButteressGrooveWidth",
                "editable": true,
                "mandatory": true
            },
            "Minimum": {
                "type": "text",
                "source": "Manual",
                "id": "YATG_PatternMinimum.YATG_DP_ButteressGrooveWidth",
                "editable": true,
                "mandatory": false
            },
            "Maximum": {
                "type": "text",
                "source": "Manual",
                "id": "YATG_PatternMaximum.YATG_DP_ButteressGrooveWidth",
                "editable": true,
                "mandatory": false
            },
            "Remark": {
                "type": "text",
                "source": "Manual",
                "inputtype": "String",
                "default": " ",
                "id": "YATG_PatternRemark.YATG_DP_ButteressGrooveWidth",
                "editable": true,
                "mandatory": false
            }
        },
        {
            "Parameter": "No. of Butteress Groove",
            "isHidden": true,
            "dependentAttribute": "YATG_PatternSpecification.YATG_DP_ButteressGroove",
            "DisplayOnValue": "Yes",
            "Specification": {
                "type": "text",
                "inputtype": "String",
                "source": "Manual",
                "id": "YATG_PatternSpecification.YATG_DP_NoOfButteressGroove",
                "editable": true,
                "mandatory": true
            },
            "Minimum": {
                "type": "text",
                "source": "Manual",
                "id": "YATG_PatternMinimum.YATG_DP_NoOfButteressGroove",
                "editable": false,
                "mandatory": false
            },
            "Maximum": {
                "type": "text",
                "source": "Manual",
                "id": "YATG_PatternMaximum.YATG_DP_NoOfButteressGroove",
                "editable": false,
                "mandatory": false
            },
            "Remark": {
                "type": "text",
                "source": "Manual",
                "inputtype": "String",
                "id": "YATG_PatternRemark.YATG_DP_NoOfButteressGroove",
                "editable": true,
                "mandatory": false
            }
        },
        {
            "Parameter": "Pitch Lengths",
            "Specification": {
                "type": "text",
                "inputtype": "String",
                "source": "Manual",
                "id": "YATG_PatternSpecification.YATG_DP_PitchLengths",
                "editable": true,
                "mandatory": true
            },
            "Minimum": {
                "type": "text",
                "source": "Manual",
                "id": "YATG_PatternMinimum.YATG_DP_PitchLengths",
                "editable": true,
                "mandatory": false
            },
            "Maximum": {
                "type": "text",
                "source": "Manual",
                "id": "YATG_PatternMaximum.YATG_DP_PitchLengths",
                "editable": true,
                "mandatory": false
            },
            "Remark": {
                "type": "text",
                "source": "Manual",
                "inputtype": "String",
                "id": "YATG_PatternRemark.YATG_DP_PitchLengths",
                "editable": true,
                "mandatory": false
            }
        },
        {
            "Parameter": "No. Of Lugs",
            "Specification": {
                "type": "text",
                "inputtype": "String",
                "source": "Manual",
                "id": "YATG_PatternSpecification.YATG_DP_NoOfLugs",
                "editable": true,
                "mandatory": true
            },
            "Minimum": {
                "type": "text",
                "source": "Manual",
                "id": "YATG_PatternMinimum.YATG_DP_NoOfLugs",
                "editable": true,
                "mandatory": false
            },
            "Maximum": {
                "type": "text",
                "source": "Manual",
                "id": "YATG_PatternMaximum.YATG_DP_NoOfLugs",
                "editable": true,
                "mandatory": false
            },
            "Remark": {
                "type": "text",
                "source": "Manual",
                "inputtype": "String",
                "id": "YATG_PatternRemark.YATG_DP_NoOfLugs",
                "editable": true,
                "mandatory": false
            }
        },
        {
            "Parameter": "No. Of Ribs",
            "Specification": {
                "type": "text",
                "inputtype": "String",
                "source": "Manual",
                "id": "YATG_PatternSpecification.YATG_DP_NoOfRibs",
                "editable": true,
                "mandatory": true
            },
            "Minimum": {
                "type": "text",
                "source": "Manual",
                "id": "YATG_PatternMinimum.YATG_DP_NoOfRibs",
                "editable": true,
                "mandatory": false
            },
            "Maximum": {
                "type": "text",
                "source": "Manual",
                "id": "YATG_PatternMaximum.YATG_DP_NoOfRibs",
                "editable": true,
                "mandatory": false
            },
            "Remark": {
                "type": "text",
                "source": "Manual",
                "inputtype": "String",
                "id": "YATG_PatternRemark.YATG_DP_NoOfRibs",
                "editable": true,
                "mandatory": false
            }
        },
        {
            "Parameter": "Land (%)",
            "Specification": {
                "type": "text",
                "inputtype": "String",
                "source": "Manual",
                "id": "YATG_PatternSpecification.YATG_DP_LandPercentage",
                "editable": true,
                "mandatory": true
            },
            "Minimum": {
                "type": "text",
                "source": "Manual",
                "id": "YATG_PatternMinimum.YATG_DP_LandPercentage",
                "editable": true,
                "mandatory": false
            },
            "Maximum": {
                "type": "text",
                "source": "Manual",
                "id": "YATG_PatternMaximum.YATG_DP_LandPercentage",
                "editable": true,
                "mandatory": false
            },
            "Remark": {
                "type": "text",
                "source": "Manual",
                "inputtype": "String",
                "id": "YATG_PatternRemark.YATG_DP_LandPercentage",
                "editable": true,
                "mandatory": false
            }
        },
        {
            "Parameter": "Land % @ Pattern Center",
            "Specification": {
                "type": "text",
                "inputtype": "String",
                "source": "Manual",
                "id": "YATG_PatternSpecification.YATG_DP_LandPatternCenter",
                "editable": true,
                "mandatory": true
            },
            "Minimum": {
                "type": "text",
                "source": "Manual",
                "id": "YATG_PatternMinimum.YATG_DP_LandPatternCenter",
                "editable": true,
                "mandatory": false
            },
            "Maximum": {
                "type": "text",
                "source": "Manual",
                "id": "YATG_PatternMaximum.YATG_DP_LandPatternCenter",
                "editable": true,
                "mandatory": false
            },
            "Remark": {
                "type": "text",
                "source": "Manual",
                "inputtype": "String",
                "id": "YATG_PatternRemark.YATG_DP_LandPatternCenter",
                "editable": true,
                "mandatory": false
            }
        },
        {
            "Parameter": "Land % @ Pattern Mid",
            "Specification": {
                "type": "text",
                "inputtype": "String",
                "source": "Manual",
                "id": "YATG_PatternSpecification.YATG_DP_LandPatternMid",
                "editable": true,
                "mandatory": true
            },
            "Minimum": {
                "type": "text",
                "source": "Manual",
                "id": "YATG_PatternMinimum.YATG_DP_LandPatternMid",
                "editable": true,
                "mandatory": false
            },
            "Maximum": {
                "type": "text",
                "source": "Manual",
                "id": "YATG_PatternMaximum.YATG_DP_LandPatternMid",
                "editable": true,
                "mandatory": false
            },
            "Remark": {
                "type": "text",
                "source": "Manual",
                "inputtype": "String",
                "id": "YATG_PatternRemark.YATG_DP_LandPatternMid",
                "editable": true,
                "mandatory": false
            }
        },
        {
            "Parameter": "Land % @ Pattern Shoulder",
            "Specification": {
                "type": "text",
                "inputtype": "String",
                "source": "Manual",
                "id": "YATG_PatternSpecification.YATG_DP_LandPatternShoulder",
                "editable": true,
                "mandatory": true
            },
            "Minimum": {
                "type": "text",
                "source": "Manual",
                "id": "YATG_PatternMinimum.YATG_DP_LandPatternShoulder",
                "editable": true,
                "mandatory": false
            },
            "Maximum": {
                "type": "text",
                "source": "Manual",
                "id": "YATG_PatternMaximum.YATG_DP_LandPatternShoulder",
                "editable": true,
                "mandatory": false
            },
            "Remark": {
                "type": "text",
                "source": "Manual",
                "inputtype": "String",
                "id": "YATG_PatternRemark.YATG_DP_LandPatternShoulder",
                "editable": true,
                "mandatory": false
            }
        },
        {
            "Parameter": "Draft Angle",
            "Specification": {
                "type": "text",
                "inputtype": "String",
                "source": "Manual",
                "id": "YATG_PatternSpecification.YATG_DP_DraftAngle",
                "editable": true,
                "mandatory": true
            },
            "Minimum": {
                "type": "text",
                "source": "Manual",
                "id": "YATG_PatternMinimum.YATG_DP_DraftAngle",
                "editable": true,
                "mandatory": false
            },
            "Maximum": {
                "type": "text",
                "source": "Manual",
                "id": "YATG_PatternMaximum.YATG_DP_DraftAngle",
                "editable": true,
                "mandatory": false
            },
            "Remark": {
                "type": "text",
                "source": "Manual",
                "inputtype": "String",
                "id": "YATG_PatternRemark.YATG_DP_DraftAngle",
                "editable": true,
                "mandatory": false
            }
        },
        {
            "Parameter": "Base Radius",
            "Specification": {
                "type": "text",
                "inputtype": "String",
                "source": "Manual",
                "id": "YATG_PatternSpecification.YATG_DP_BaseRadius",
                "editable": true,
                "mandatory": true
            },
            "Minimum": {
                "type": "text",
                "source": "Manual",
                "id": "YATG_PatternMinimum.YATG_DP_BaseRadius",
                "editable": true,
                "mandatory": false
            },
            "Maximum": {
                "type": "text",
                "source": "Manual",
                "id": "YATG_PatternMaximum.YATG_DP_BaseRadius",
                "editable": true,
                "mandatory": false
            },
            "Remark": {
                "type": "text",
                "source": "Manual",
                "inputtype": "String",
                "id": "YATG_PatternRemark.YATG_DP_BaseRadius",
                "editable": true,
                "mandatory": false
            }
        }
    ]
}