{
    "id": "YATGMaterial",
    "gridID": "MaterialGrid",
    "Header": [
        {
            "classname": "yatg-grid-header",
            "label": "Parameter",
            "id": "YATG_MaterialParameter"
        },
        {
            "classname": "yatg-grid-header",
            "label": "Specification",
            "id": "YATG_MaterialSpecification"
        },
        {
            "classname": "yatg-grid-header",
            "label": "Range",
            "id": "YATG_MaterialStandardRange"
        },
        {
            "classname": "yatg-grid-header",
            "label": "Remark",
            "id": "YATG_MaterialRemark"
        }
    ],
    "table": [
        {
            "Parameter": "Tread Cushion",
            "Specification": {
                "type": "text",
                "source": "Manual",
                "inputtype": "dropdown",
                "id": "YATG_MaterialSpecification.YATG_DP_TreadCushion",
                "editable": true,
                "mandatory": true
            },
            "Range": {
                "type": "text",
                "source": "Manual",
                "inputtype": "SearchBox",
                "id": "YATG_MaterialStandardRange.YATG_DP_TreadCushion",
                "editable": false,
                "mandatory": false
            },
            "Remark": {
                "type": "text",
                "source": "Manual",
                "inputtype": "SearchBox",
                "id": "YATG_MaterialRemark.YATG_DP_TreadCushion",
                "editable": false,
                "mandatory": false
            }
        },
        {
            "Parameter": "SW Cushion",
            "Specification": {
                "type": "text",
                "source": "Manual",
                "inputtype": "dropdown",
                "id": "YATG_MaterialSpecification.YATG_DP_SWCushion",
                "editable": true,
                "mandatory": true
            },
            "Range": {
                "type": "text",
                "source": "Manual",
                "inputtype": "SearchBox",
                "id": "YATG_MaterialStandardRange.YATG_DP_SWCushion",
                "editable": false,
                "mandatory": false
            },
            "Remark": {
                "type": "text",
                "source": "Manual",
                "inputtype": "SearchBox",
                "id": "YATG_MaterialRemark.YATG_DP_SWCushion",
                "editable": false,
                "mandatory": false
            }
        },
        {
            "Parameter": "Inner Ply Material",
            "Specification": {
                "type": "text",
                "inputtype": "SearchBox",
                "source": "Manual",
                "id": "YATG_MaterialSpecification.YATG_DP_InnerPlyMaterial",
                "editable": true,
                "mandatory": true,
                "ClassId":"29DF7F1E000009346879E5450000013E,29DF7F1E000009346879E54F00000154",
                "isMultiSelection":false,
                "returnAttribute":"YATGCLCompoundCode"
            },
            "Range": {
                "type": "text",
                "source": "Manual",
                "inputtype": "SearchBox",
                "id": "YATG_MaterialStandardRange.YATG_DP_InnerPlyMaterial",
                "editable": true,
                "mandatory": false,
                "ClassId":"29DF7F1E000009346879E5450000013E,29DF7F1E000009346879E54F00000154",
                "isMultiSelection":true,
                "returnAttribute":"YATGCLCompoundCode"
            },
            "Remark": {
                "type": "text",
                "source": "Manual",
                "inputtype": "String",
                "id": "YATG_MaterialRemark.YATG_DP_InnerPlyMaterial",
                "editable": true,
                "mandatory": false
            }
        },
        {
            "Parameter": "Outer Ply Material",
            "Specification": {
                "type": "text",
                "inputtype": "SearchBox",
                "source": "Manual",
                "id": "YATG_MaterialSpecification.YATG_DP_OuterPlyMaterial",
                "editable": true,
                "mandatory": true,
                "ClassId":"29DF7F1E000009346879E5450000013E,29DF7F1E000009346879E54F00000154",
                "isMultiSelection":false,
                "returnAttribute":"YATGCLCompoundCode"
            },
            "Range": {
                "type": "text",
                "source": "Manual",
                "inputtype": "SearchBox",
                "id": "YATG_MaterialStandardRange.YATG_DP_OuterPlyMaterial",
                "editable": true,
                "mandatory": false,
                "ClassId":"29DF7F1E000009346879E5450000013E,29DF7F1E000009346879E54F00000154",
                "isMultiSelection":true,
                "returnAttribute":"YATGCLCompoundCode"
            },
            "Remark": {
                "type": "text",
                "source": "Manual",
                "inputtype": "String",
                "id": "YATG_MaterialRemark.YATG_DP_OuterPlyMaterial",
                "editable": true,
                "mandatory": false
            }
        },
        {
            "Parameter": "Breaker / Belt Material",
            "Specification": {
                "type": "text",
                "inputtype": "SearchBox",
                "source": "Manual",
                "id": "YATG_MaterialSpecification.YATG_DP_BreakerBeltMaterial",
                "editable": true,
                "mandatory": true,
                "ClassId":"29DF7F1E000009346879E5560000016A,29DF7F1E000009346879E56400000180",
                "isMultiSelection":false,
                "returnAttribute":"YATGCLCompoundCode"
            },
            "Range": {
                "type": "text",
                "source": "Manual",
                "inputtype": "SearchBox",
                "id": "YATG_MaterialStandardRange.YATG_DP_BreakerBeltMaterial",
                "editable": true,
                "mandatory": false,
                "ClassId":"29DF7F1E000009346879E5560000016A,29DF7F1E000009346879E56400000180",
                "isMultiSelection":true,
                "returnAttribute":"YATGCLCompoundCode"
            },
            "Remark": {
                "type": "text",
                "source": "Manual",
                "inputtype": "String",
                "id": "YATG_MaterialRemark.YATG_DP_BreakerBeltMaterial",
                "editable": true,
                "mandatory": false
            }
        },
        {
            "Parameter": "Bead Wire Dia",
            "Specification": {
                "type": "text",
                "inputtype": "SearchBox",
                "source": "Manual",
                "id": "YATG_MaterialSpecification.YATG_DP_BeadWireDia",
                "editable": true,
                "mandatory": true,
                "ClassId":"29DF7F1E000009346879E5B4000001A6",
                "isMultiSelection":false,
                "returnAttribute":"YATGCLWireDiameter"
            },
            "Range": {
                "type": "text",
                "source": "Manual",
                "inputtype": "SearchBox",
                "id": "YATG_MaterialStandardRange.YATG_DP_BeadWireDia",
                "editable": true,
                "mandatory": false,
                "ClassId":"29DF7F1E000009346879E5B4000001A6",
                "isMultiSelection":true,
                "returnAttribute":"YATGCLWireDiameter"
            },
            "Remark": {
                "type": "text",
                "source": "Manual",
                "inputtype": "String",
                "id": "YATG_MaterialRemark.YATG_DP_BeadWireDia",
                "editable": true,
                "mandatory": false
            }
        },
        {
            "Parameter": "Tread Cap Comp",
            "Specification": {
                "type": "text",
                "inputtype": "SearchBox",
                "source": "Manual",
                "id": "YATG_MaterialSpecification.YATG_DP_TreadCapComp",
                "editable": true,
                "mandatory": true,
                "ClassId":"29DF7F1E000009346879E5CE000001C0",
                "isMultiSelection":false,
                "returnAttribute":"YATGCLCompoundCode"
            },
            "Range": {
                "type": "text",
                "source": "Manual",
                "inputtype": "SearchBox",
                "id": "YATG_MaterialStandardRange.YATG_DP_TreadCapComp",
                "editable": true,
                "mandatory": false,
                "ClassId":"29DF7F1E000009346879E5CE000001C0",
                "isMultiSelection":true,
                "returnAttribute":"YATGCLCompoundCode"
            },
            "Remark": {
                "type": "text",
                "source": "Manual",
                "inputtype": "String",
                "id": "YATG_MaterialRemark.YATG_DP_TreadCapComp",
                "editable": true,
                "mandatory": false
            }
        },
        {
            "Parameter": "Tread Base Comp",
            "Specification": {
                "type": "text",
                "inputtype": "SearchBox",
                "source": "Manual",
                "id": "YATG_MaterialSpecification.YATG_DP_TreadBaseComp",
                "editable": true,
                "mandatory": true,
                "ClassId":"29DF7F1E000009346879E5CE000001C0",
                "isMultiSelection":false,
                "returnAttribute":"YATGCLCompoundCode"
            },
            "Range": {
                "type": "text",
                "source": "Manual",
                "inputtype": "SearchBox",
                "id": "YATG_MaterialStandardRange.YATG_DP_TreadBaseComp",
                "editable": true,
                "mandatory": false,
                "ClassId":"29DF7F1E000009346879E5CE000001C0",
                "isMultiSelection":true,
                "returnAttribute":"YATGCLCompoundCode"
            },
            "Remark": {
                "type": "text",
                "source": "Manual",
                "inputtype": "String",
                "id": "YATG_MaterialRemark.YATG_DP_TreadBaseComp",
                "editable": true,
                "mandatory": false
            }
        },
        {
            "Parameter": "SW Comp",
            "Specification": {
                "type": "text",
                "inputtype": "SearchBox",
                "source": "Manual",
                "id": "YATG_MaterialSpecification.YATG_DP_SWComp",
                "editable": true,
                "mandatory": true,
                "ClassId":"29DF7F1E000009346879E5D4000001D6",
                "isMultiSelection":false,
                "returnAttribute":"YATGCLCompoundCode"
            },
            "Range": {
                "type": "text",
                "source": "Manual",
                "inputtype": "SearchBox",
                "id": "YATG_MaterialStandardRange.YATG_DP_SWComp",
                "editable": true,
                "mandatory": false,
                "ClassId":"29DF7F1E000009346879E5D4000001D6",
                "isMultiSelection":true,
                "returnAttribute":"YATGCLCompoundCode"
            },
            "Remark": {
                "type": "text",
                "source": "Manual",
                "inputtype": "String",
                "id": "YATG_MaterialRemark.YATG_DP_SWComp",
                "editable": true,
                "mandatory": false
            }
        },
        {
            "Parameter": "1st Inner Liner Comp",
            "Specification": {
                "type": "text",
                "inputtype": "SearchBox",
                "source": "Manual",
                "id": "YATG_MaterialSpecification.YATG_DP_InnerLinerComp_1",
                "editable": true,
                "mandatory": true,
                "ClassId":"29DF7F1E000009346879E5DA000001EC",
                "isMultiSelection":false,
                "returnAttribute":"YATGCLCompoundCode"
            },
            "Range": {
                "type": "text",
                "source": "Manual",
                "inputtype": "SearchBox",
                "id": "YATG_MaterialStandardRange.YATG_DP_InnerLinerComp_1",
                "editable": true,
                "mandatory": false,
                "ClassId":"29DF7F1E000009346879E5DA000001EC",
                "isMultiSelection":true,
                "returnAttribute":"YATGCLCompoundCode"
            },
            "Remark": {
                "type": "text",
                "source": "Manual",
                "inputtype": "String",
                "id": "YATG_MaterialRemark.YATG_DP_InnerLinerComp_1",
                "editable": true,
                "mandatory": false
            }
        },
        {
            "Parameter": "2nd Inner Liner Comp",
            "Specification": {
                "type": "text",
                "inputtype": "SearchBox",
                "source": "Manual",
                "id": "YATG_MaterialSpecification.YATG_DP_InnerLinerComp_2",
                "editable": true,
                "mandatory": true,
                "ClassId":"29DF7F1E000009346879E5DA000001EC",
                "isMultiSelection":false,
                "returnAttribute":"YATGCLCompoundCode"
            },
            "Range": {
                "type": "text",
                "source": "Manual",
                "inputtype": "SearchBox",
                "id": "YATG_MaterialStandardRange.YATG_DP_InnerLinerComp_2",
                "editable": true,
                "mandatory": false,
                "ClassId":"29DF7F1E000009346879E5DA000001EC",
                "isMultiSelection":true,
                "returnAttribute":"YATGCLCompoundCode"
            },
            "Remark": {
                "type": "text",
                "source": "Manual",
                "inputtype": "String",
                "id": "YATG_MaterialRemark.YATG_DP_InnerLinerComp_2",
                "editable": true,
                "mandatory": false
            }
        },
        {
            "Parameter": "Cracass Safety",
            "Specification": {
                "type": "text",
                "inputtype": "String",
                "source": "Manual",
                "id": "YATG_MaterialSpecification.YATG_DP_CracassSafety",
                "editable": true,
                "mandatory": true
            },
            "Range": {
                "type": "text",
                "source": "Manual",
                "inputtype": "String",
                "id": "YATG_MaterialStandardRange.YATG_DP_CracassSafety",
                "editable": true,
                "mandatory": false
            },
            "Remark": {
                "type": "text",
                "source": "Manual",
                "inputtype": "String",
                "id": "YATG_MaterialRemark.YATG_DP_CracassSafety",
                "editable": true,
                "mandatory": false
            }
        },
        {
            "Parameter": "Bead Safety ",
            "Specification": {
                "type": "text",
                "inputtype": "String",
                "source": "Manual",
                "id": "YATG_MaterialSpecification.YATG_DP_BeadSafety",
                "editable": true,
                "mandatory": true
            },
            "Range": {
                "type": "text",
                "source": "Manual",
                "inputtype": "String",
                "id": "YATG_MaterialStandardRange.YATG_DP_BeadSafety",
                "editable": true,
                "mandatory": false
            },
            "Remark": {
                "type": "text",
                "source": "Manual",
                "inputtype": "String",
                "id": "YATG_MaterialRemark.YATG_DP_BeadSafety",
                "editable": true,
                "mandatory": false
            }
        }
    ]
}