{
    "id":"YATGCavity",
    "gridID":"CavityGrid",
    "Header":[
        {
            "classname":"yatg-grid-header",
            "label":"Parameter",
            "id":"YATG_CavityParameter"
        },
        {
            "classname":"yatg-grid-header",
            "label":"Specification",
            "id":"YATG_CavitySpecification"
        },
        {
            "classname":"yatg-grid-header",
            "label":"Minimum",
            "id":"YATG_CavityMinimum"
        },
        {
            "classname":"yatg-grid-header",
            "label":"Maximum",
            "id":"YATG_CTLOMaximum"
        },
        {
            "classname":"yatg-grid-header",
            "label":"Remarks",
            "id":"YATG_CavityRemark"
        }
    ],
    "table":[
        {
            "Parameter":"Pattern Name",
            "Specification":{
                "type":"text",
                "inputtype": "searchbox",
                "default": "",
                "source":"Manual",
                "id":"YATG_CavitySpecification.YATG_DP_PatternName",
                "editable":true,
                "mandatory":true
            },
            "Minimum":{
                "type":"text",
                "source":"Manual",
                "id":"YATG_CavityMinimum.YATG_DP_PatternName",
                "editable":false,
                "mandatory":false
            },
            "Maximum":{
                "type":"text",
                "source":"Manual",
                "id":"YATG_CTLOMaximum.YATG_DP_PatternName",
                "editable":false,
                "mandatory":false
            },
            "Remarks":{
                "type":"text",
                "inputtype":"String",
                "default": " ",
                "source":"Manual",
                "id":"YATG_CavityRemarks.YATG_DP_PatternName",
                "editable":true,
                "mandatory":false
            }
        },
        {
            "Parameter":"Target OD",
            "Specification":{
                "type":"text",
                "inputtype":"Real",
                "default": "0.0",
                "source":"Manual",
                "id":"YATG_CavitySpecification.YATG_DP_TargetOD",
                "editable":true,
                "mandatory":false,
                "unit":"mm"
            },
            "Minimum":{
                "type":"text",
                "inputtype":"Real",
                "default": "0.0",
                "source":"Manual",
                "id":"YATG_CavityMinimum.YATG_DP_TargetOD",
                "editable":true,
                "mandatory":false,
                "unit":"mm"
            },
            "Maximum":{
                "type":"text",
                "source":"Manual",
                "inputtype":"Real",
                "default": "0.0",
                "id":"YATG_CTLOMaximum.YATG_DP_TargetOD",
                "editable":true,
                "mandatory":false,
                "unit":"mm"
            },
            "Remarks":{
                "type":"text",
                "inputtype":"String",
                "default": " ",
                "source":"Manual",
                "id":"YATG_CavityRemarks.YATG_DP_TargetOD",
                "editable":true,
                "mandatory":false
            }
        },
        {
            "Parameter":"OD Growth",
            "Specification":{
                "type":"text",
                "source":"Manual",
                "inputtype":"Real",
                "default": "0.0",
                "id":"YATG_CavitySpecification.YATG_DP_ODGrowth",
                "editable":true,
                "mandatory":false
            },
            "Minimum":{
                "type":"text",
                "source":"Manual",
                "inputtype":"Real",
                "default": "0.0",
                "id":"YATG_CavityMinimum.YATG_DP_ODGrowth",
                "editable":true,
                "mandatory":false
            },
            "Maximum":{
                "type":"text",
                "source":"Manual",
                "inputtype":"Real",
                "default": "0.0",
                "id":"YATG_CTLOMaximum.YATG_DP_ODGrowth",
                "editable":true,
                "mandatory":false
            },
            "Remarks":{
                "type":"text",
                "source":"Manual",
                "inputtype":"String",
                "default": " ",
                "id":"YATG_CavityRemarks.YATG_DP_ODGrowth",
                "editable":true,
                "mandatory":false
            }
        },
        {
            "Parameter":"OD Growth Based on SH",
            "Specification":{
                "type":"text",
                "inputtype":"Real",
                "default": "0.0",
                "source":"Manual",
                "id":"YATG_CavitySpecification.YATG_DP_ODGrowthSH",
                "editable":true,
                "mandatory":false
            },
            "Minimum":{
                "type":"text",
                "source":"Manual",
                "inputtype":"Real",
                "default": "0.0",
                "id":"YATG_CavityMinimum.YATG_DP_ODGrowthSH",
                "editable":true,
                "mandatory":false
            },
            "Maximum":{
                "type":"text",
                "inputtype":"Real",
                "default": "0.0",
                "source":"Manual",
                "id":"YATG_CTLOMaximum.YATG_DP_ODGrowthSH",
                "editable":true,
                "mandatory":false
            },
            "Remarks":{
                "type":"text",
                "inputtype":"String",
                "default": " ",
                "source":"Manual",
                "id":"YATG_CavityRemarks.YATG_DP_ODGrowthSH",
                "editable":true,
                "mandatory":false
            }
        },
        {
            "Parameter":"Tie Bar",
            "Specification":{
                "type":"text",
                "source":"Manual",
                "inputtype":"dropdown",
                "options": ["Yes", "No"],
                "default": "No",
                "id":"YATG_CavitySpecification.YATG_DP_TieBar",
                "editable":true,
                "mandatory":false
            },
            "Minimum":{
                "type":"text",
                "source":"Manual",
                "id":"YATG_CavityMinimum.YATG_DP_TieBar",
                "editable":false,
                "mandatory":false
            },
            "Maximum":{
                "type":"text",
                "source":"Manual",
                "id":"YATG_CTLOMaximum.YATG_DP_TieBar",
                "editable":false,
                "mandatory":false
            },
            "Remarks":{
                "type":"text",
                "inputtype":"String",
                "default": " ",
                "source":"Manual",
                "id":"YATG_CavityRemarks.YATG_DP_TieBar",
                "editable":true,
                "mandatory":false
            }
        }

    ]
    
}