{
    "id": "YATGCTLO",
    "gridID": "CTLOGrid",
    "Header": [
        {
            "classname": "yatg-grid-header",
            "label": "Parameter",
            "id": "YATG_CTLOParameter"
        },
        {
            "classname": "yatg-grid-header",
            "label": "Specification",
            "id": "YATG_CTLOSpecification"
        },
        {
            "classname": "yatg-grid-header",
            "label": "Minimum",
            "id": "YATG_CTLOMinimum"
        },
        {
            "classname": "yatg-grid-header",
            "label": "Maximum",
            "id": "YATG_CTLOMaximum"
        },
        {
            "classname": "yatg-grid-header",
            "label": "Remark",
            "id": "YATG_CTLORemark"
        }
    ],
    "table": [
        {
            "Parameter": "NSD Shrinkage",
            "Specification": {
                "type": "text",
                "inputtype": "String",
                "source": "Manual",
                "id": "YATG_CTLOSpecification.YATG_DP_NSDShrinkage",
                "editable": true,
                "mandatory": true
            },
            "Minimum": {
                "type": "text",
                "source": "Manual",
                "id": "YATG_CTLOMinimum.YATG_DP_NSDShrinkage",
                "editable": false,
                "mandatory": false
            },
            "Maximum": {
                "type": "text",
                "source": "Manual",
                "id": "YATG_CTLOMaximum.YATG_DP_NSDShrinkage",
                "editable": false,
                "mandatory": false
            },
            "Remark": {
                "type": "text",
                "source": "Manual",
                "inputtype": "String",
                "id": "YATG_CTLORemark.YATG_DP_NSDShrinkage",
                "editable": true,
                "mandatory": false
            }
        },
        {
            "Parameter": "UT @ Center (% NSD@Center)",
            "Specification": {
                "type": "text",
                "source": "Manual",
                "inputtype": "Real",
                "id": "YATG_CTLOSpecification.YATG_DP_UTCenter",
                "editable": true,
                "mandatory": true
            },
            "Minimum": {
                "type": "text",
                "source": "Manual",
                "inputtype": "Real",
                "id": "YATG_CTLOMinimum.YATG_DP_UTCenter",
                "editable": true,
                "mandatory": false
            },
            "Maximum": {
                "type": "text",
                "source": "Manual",
                "inputtype": "Real",
                "id": "YATG_CTLOMaximum.YATG_DP_UTCenter",
                "editable": true,
                "mandatory": false
            },
            "Remark": {
                "type": "text",
                "source": "Manual",
                "inputtype": "String",
                "id": "YATG_CTLORemark.YATG_DP_UTCenter",
                "editable": true,
                "mandatory": false
            }
        },
        {
            "Parameter": "UT @ Shoulder (% UT@Center)",
            "Specification": {
                "type": "text",
                "source": "Manual",
                "inputtype": "Real",
                "id": "YATG_CTLOSpecification.YATG_DP_UTShoulder",
                "editable": true,
                "mandatory": true
            },
            "Minimum": {
                "type": "text",
                "source": "Manual",
                "inputtype": "Real",
                "id": "YATG_CTLOMinimum.YATG_DP_UTShoulder",
                "editable": true,
                "mandatory": false
            },
            "Maximum": {
                "type": "text",
                "source": "Manual",
                "inputtype": "Real",
                "id": "YATG_CTLOMaximum.YATG_DP_UTShoulder",
                "editable": true,
                "mandatory": false
            },
            "Remark": {
                "type": "text",
                "source": "Manual",
                "inputtype": "String",
                "id": "YATG_CTLORemark.YATG_DP_UTShoulder",
                "editable": true,
                "mandatory": false
            }
        },
        {
            "Parameter": "Rubber Gauge @ Shoulder (% Rubber @ Center)",
            "Specification": {
                "type": "text",
                "source": "Manual",
                "inputtype": "Real",
                "id": "YATG_CTLOSpecification.YATG_DP_RubberGaugeShoulder",
                "editable": true,
                "mandatory": true
            },
            "Minimum": {
                "type": "text",
                "source": "Manual",
                "inputtype": "Real",
                "id": "YATG_CTLOMinimum.YATG_DP_RubberGaugeShoulder",
                "editable": true,
                "mandatory": false
            },
            "Maximum": {
                "type": "text",
                "source": "Manual",
                "inputtype": "Real",
                "id": "YATG_CTLOMaximum.YATG_DP_RubberGaugeShoulder",
                "editable": true,
                "mandatory": false
            },
            "Remark": {
                "type": "text",
                "source": "Manual",
                "inputtype": "String",
                "id": "YATG_CTLORemark.YATG_DP_RubberGaugeShoulder",
                "editable": true,
                "mandatory": false
            }
        },
        {
            "Parameter": "Rubber Gauge @ Sidewall",
            "Specification": {
                "type": "text",
                "source": "Manual",
                "inputtype": "Real",
                "id": "YATG_CTLOSpecification.YATG_DP_RubberGaugeSidewall",
                "editable": true,
                "mandatory": true
            },
            "Minimum": {
                "type": "text",
                "source": "Manual",
                "inputtype": "Real",
                "id": "YATG_CTLOMinimum.YATG_DP_RubberGaugeSidewall",
                "editable": true,
                "mandatory": false
            },
            "Maximum": {
                "type": "text",
                "source": "Manual",
                "inputtype": "Real",
                "id": "YATG_CTLOMaximum.YATG_DP_RubberGaugeSidewall",
                "editable": true,
                "mandatory": false
            },
            "Remark": {
                "type": "text",
                "source": "Manual",
                "inputtype": "String",
                "id": "YATG_CTLORemark.YATG_DP_RubberGaugeSidewall",
                "editable": true,
                "mandatory": false
            }
        },
        {
            "Parameter": "Rubber Gauge @ RCL",
            "Specification": {
                "type": "text",
                "source": "Manual",
                "inputtype": "Real",
                "id": "YATG_CTLOSpecification.YATG_DP_RubberGaugeRCL",
                "editable": true,
                "mandatory": true
            },
            "Minimum": {
                "type": "text",
                "source": "Manual",
                "inputtype": "Real",
                "id": "YATG_CTLOMinimum.YATG_DP_RubberGaugeRCL",
                "editable": true,
                "mandatory": false
            },
            "Maximum": {
                "type": "text",
                "source": "Manual",
                "inputtype": "Real",
                "id": "YATG_CTLOMaximum.YATG_DP_RubberGaugeRCL",
                "editable": true,
                "mandatory": false
            },
            "Remark": {
                "type": "text",
                "source": "Manual",
                "inputtype": "String",
                "id": "YATG_CTLORemark.YATG_DP_RubberGaugeRCL",
                "editable": true,
                "mandatory": false
            }
        },
        {
            "Parameter": "Base Type",
            "hasPlusBtn":true,
            "Specification": {
                "type": "text",
                "source": "Manual",
                "inputtype": "dropdown",
                "id": "YATG_CTLOSpecification.YATG_DP_BaseType",
                "editable": true,
                "mandatory": true
            },
            "Minimum": {
                "type": "text",
                "source": "Manual",
                "inputtype": "Real",
                "id": "YATG_CTLOMinimum.YATG_DP_BaseType",
                "editable": false,
                "mandatory": false
            },
            "Maximum": {
                "type": "text",
                "source": "Manual",
                "inputtype": "Real",
                "id": "YATG_CTLOMaximum.YATG_DP_BaseType",
                "editable": false,
                "mandatory": false
            },
            "Remark": {
                "type": "text",
                "source": "Manual",
                "inputtype": "String",
                "id": "YATG_CTLORemark.YATG_DP_BaseType",
                "editable": false,
                "mandatory": false
            }
        },
        {
            "Parameter": "Minimum Cap Gauge",
            "isHidden": true,
            "dependentAttribute": "YATG_CTLOSpecification.YATG_DP_BaseType",
            "DisplayOnValue": "FullBase;ShoulderBase",
            "Specification": {
                "type": "text",
                "source": "Manual",
                "inputtype": "Real",
                "id": "YATG_CTLOSpecification.YATG_DP_MiniumumCAPGauge",
                "editable": true,
                "mandatory": true
            },
            "Minimum": {
                "type": "text",
                "source": "Manual",
                "inputtype": "Real",
                "id": "YATG_CTLOMinimum.YATG_DP_MiniumumCAPGauge",
                "editable": true,
                "mandatory": false
            },
            "Maximum": {
                "type": "text",
                "source": "Manual",
                "inputtype": "Real",
                "id": "YATG_CTLOMaximum.YATG_DP_MiniumumCAPGauge",
                "editable": true,
                "mandatory": false
            },
            "Remark": {
                "type": "text",
                "source": "Manual",
                "inputtype": "String",
                "id": "YATG_CTLORemark.YATG_DP_MiniumumCAPGauge",
                "editable": true,
                "mandatory": false
            }
        },
        {
            "Parameter": "Base Ending (% of SH)",
            "isHidden": true,
            "dependentAttribute": "YATG_CTLOSpecification.YATG_DP_BaseType",
            "DisplayOnValue": "FullBase;ShoulderBase",
            "Specification": {
                "type": "text",
                "source": "Manual",
                "inputtype": "Real",
                "id": "YATG_CTLOSpecification.YATG_DP_BaseEnding",
                "editable": true,
                "mandatory": true
            },
            "Minimum": {
                "type": "text",
                "source": "Manual",
                "inputtype": "Real",
                "id": "YATG_CTLOMinimum.YATG_DP_BaseEnding",
                "editable": true,
                "mandatory": false
            },
            "Maximum": {
                "type": "text",
                "source": "Manual",
                "inputtype": "Real",
                "id": "YATG_CTLOMaximum.YATG_DP_BaseEnding",
                "editable": true,
                "mandatory": false
            },
            "Remark": {
                "type": "text",
                "source": "Manual",
                "inputtype": "String",
                "id": "YATG_CTLORemark.YATG_DP_BaseEnding",
                "editable": true,
                "mandatory": false
            }
        },
        {
            "Parameter": "Base Start From C/L (% Of TW)",
            "isHidden": true,
            "dependentAttribute": "YATG_CTLOSpecification.YATG_DP_BaseType",
            "DisplayOnValue": "ShoulderBase",
            "Specification": {
                "type": "text",
                "source": "Manual",
                "inputtype": "Real",
                "id": "YATG_CTLOSpecification.YATG_DP_BaseStart",
                "editable": true,
                "mandatory": true
            },
            "Minimum": {
                "type": "text",
                "source": "Manual",
                "inputtype": "Real",
                "id": "YATG_CTLOMinimum.YATG_DP_BaseStart",
                "editable": true,
                "mandatory": false
            },
            "Maximum": {
                "type": "text",
                "source": "Manual",
                "inputtype": "Real",
                "id": "YATG_CTLOMaximum.YATG_DP_BaseStart",
                "editable": true,
                "mandatory": false
            },
            "Remark": {
                "type": "text",
                "source": "Manual",
                "inputtype": "String",
                "id": "YATG_CTLORemark.YATG_DP_BaseStart",
                "editable": true,
                "mandatory": false
            }
        },
        {
            "Parameter": "Base Gauge - CC @ Shoulder (% Rubber @ Shoulder)",
            "isHidden": true,
            "dependentAttribute": "YATG_CTLOSpecification.YATG_DP_BaseType",
            "DisplayOnValue": "FullBase;ShoulderBase",
            "Specification": {
                "type": "text",
                "source": "Manual",
                "inputtype": "Real",
                "id": "YATG_CTLOSpecification.YATG_DP_BaseGaugeShoulder",
                "editable": true,
                "mandatory": true
            },
            "Minimum": {
                "type": "text",
                "source": "Manual",
                "inputtype": "Real",
                "id": "YATG_CTLOMinimum.YATG_DP_BaseGaugeShoulder",
                "editable": true,
                "mandatory": false
            },
            "Maximum": {
                "type": "text",
                "source": "Manual",
                "inputtype": "Real",
                "id": "YATG_CTLOMaximum.YATG_DP_BaseGaugeShoulder",
                "editable": true,
                "mandatory": false
            },
            "Remark": {
                "type": "text",
                "source": "Manual",
                "inputtype": "String",
                "id": "YATG_CTLORemark.YATG_DP_BaseGaugeShoulder",
                "editable": true,
                "mandatory": false
            }
        },
        {
            "Parameter": "Turn-up Height1 (% of SH)",
            "Specification": {
                "type": "text",
                "source": "Manual",
                "inputtype": "Real",
                "id": "YATG_CTLOSpecification.YATG_DP_TurnUpHeight_1",
                "editable": true,
                "mandatory": true
            },
            "Minimum": {
                "type": "text",
                "source": "Manual",
                "inputtype": "Real",
                "id": "YATG_CTLOMinimum.YATG_DP_TurnUpHeight_1",
                "editable": true,
                "mandatory": false
            },
            "Maximum": {
                "type": "text",
                "source": "Manual",
                "inputtype": "Real",
                "id": "YATG_CTLOMaximum.YATG_DP_TurnUpHeight_1",
                "editable": true,
                "mandatory": false
            },
            "Remark": {
                "type": "text",
                "source": "Manual",
                "inputtype": "String",
                "id": "YATG_CTLORemark.YATG_DP_TurnUpHeight_1",
                "editable": true,
                "mandatory": false
            }
        },
        {
            "Parameter": "Turn-up Height2 (% of SH)",
            "Specification": {
                "type": "text",
                "source": "Manual",
                "inputtype": "Real",
                "id": "YATG_CTLOSpecification.YATG_DP_TurnUpHeight_2",
                "editable": true,
                "mandatory": true
            },
            "Minimum": {
                "type": "text",
                "source": "Manual",
                "inputtype": "Real",
                "id": "YATG_CTLOMinimum.YATG_DP_TurnUpHeight_2",
                "editable": true,
                "mandatory": false
            },
            "Maximum": {
                "type": "text",
                "source": "Manual",
                "inputtype": "Real",
                "id": "YATG_CTLOMaximum.YATG_DP_TurnUpHeight_2",
                "editable": true,
                "mandatory": false
            },
            "Remark": {
                "type": "text",
                "source": "Manual",
                "inputtype": "String",
                "id": "YATG_CTLORemark.YATG_DP_TurnUpHeight_2",
                "editable": true,
                "mandatory": false
            }
        },
        {
            "Parameter": "Turn-up Height3 (% of SH)",
            "Specification": {
                "type": "text",
                "source": "Manual",
                "inputtype": "Real",
                "id": "YATG_CTLOSpecification.YATG_DP_TurnUpHeight_3",
                "editable": true,
                "mandatory": true
            },
            "Minimum": {
                "type": "text",
                "source": "Manual",
                "inputtype": "Real",
                "id": "YATG_CTLOMinimum.YATG_DP_TurnUpHeight_3",
                "editable": true,
                "mandatory": false
            },
            "Maximum": {
                "type": "text",
                "source": "Manual",
                "inputtype": "Real",
                "id": "YATG_CTLOMaximum.YATG_DP_TurnUpHeight_3",
                "editable": true,
                "mandatory": false
            },
            "Remark": {
                "type": "text",
                "source": "Manual",
                "inputtype": "String",
                "id": "YATG_CTLORemark.YATG_DP_TurnUpHeight_3",
                "editable": true,
                "mandatory": false
            }
        },
        {
            "Parameter": "Breaker -1 Ending- Type",
            "Specification": {
                "type": "text",
                "source": "Manual",
                "inputtype": "dropdown",
                "id": "YATG_CTLOSpecification.YATG_DP_BreakerEndingType_1",
                "editable": true,
                "mandatory": true
            },
            "Minimum": {
                "type": "text",
                "source": "Manual",
                "inputtype": "Real",
                "id": "YATG_CTLOMinimum.YATG_DP_BreakerEndingType_1",
                "editable": false,
                "mandatory": false
            },
            "Maximum": {
                "type": "text",
                "source": "Manual",
                "inputtype": "Real",
                "id": "YATG_CTLOMaximum.YATG_DP_BreakerEndingType_1",
                "editable": false,
                "mandatory": false
            },
            "Remark": {
                "type": "text",
                "source": "Manual",
                "inputtype": "String",
                "id": "YATG_CTLORemark.YATG_DP_BreakerEndingType_1",
                "editable": false,
                "mandatory": false
            }
        },
        {
            "Parameter": "Breaker -2 Ending- Type",
            "Specification": {
                "type": "text",
                "source": "Manual",
                "inputtype": "dropdown",
                "id": "YATG_CTLOSpecification.YATG_DP_BreakerEndingType_2",
                "editable": true,
                "mandatory": true
            },
            "Minimum": {
                "type": "text",
                "source": "Manual",
                "inputtype": "Real",
                "id": "YATG_CTLOMinimum.YATG_DP_BreakerEndingType_2",
                "editable": false,
                "mandatory": false
            },
            "Maximum": {
                "type": "text",
                "source": "Manual",
                "inputtype": "Real",
                "id": "YATG_CTLOMaximum.YATG_DP_BreakerEndingType_2",
                "editable": false,
                "mandatory": false
            },
            "Remark": {
                "type": "text",
                "source": "Manual",
                "inputtype": "String",
                "id": "YATG_CTLORemark.YATG_DP_BreakerEndingType_2",
                "editable": false,
                "mandatory": false
            }
        },
        {
            "Parameter": "Breaker -3 Ending- Type",
            "Specification": {
                "type": "text",
                "source": "Manual",
                "inputtype": "dropdown",
                "id": "YATG_CTLOSpecification.YATG_DP_BreakerEndingType_3",
                "editable": true,
                "mandatory": true
            },
            "Minimum": {
                "type": "text",
                "source": "Manual",
                "inputtype": "Real",
                "id": "YATG_CTLOMinimum.YATG_DP_BreakerEndingType_3",
                "editable": false,
                "mandatory": false
            },
            "Maximum": {
                "type": "text",
                "source": "Manual",
                "inputtype": "Real",
                "id": "YATG_CTLOMaximum.YATG_DP_BreakerEndingType_3",
                "editable": false,
                "mandatory": false
            },
            "Remark": {
                "type": "text",
                "source": "Manual",
                "inputtype": "String",
                "id": "YATG_CTLORemark.YATG_DP_BreakerEndingType_3",
                "editable": false,
                "mandatory": false
            }
        },
        {
            "Parameter": "Breaker -4 Ending- Type",
            "Specification": {
                "type": "text",
                "source": "Manual",
                "inputtype": "dropdown",
                "id": "YATG_CTLOSpecification.YATG_DP_BreakerEndingType_4",
                "editable": true,
                "mandatory": true
            },
            "Minimum": {
                "type": "text",
                "source": "Manual",
                "inputtype": "Real",
                "id": "YATG_CTLOMinimum.YATG_DP_BreakerEndingType_4",
                "editable": false,
                "mandatory": false
            },
            "Maximum": {
                "type": "text",
                "source": "Manual",
                "inputtype": "Real",
                "id": "YATG_CTLOMaximum.YATG_DP_BreakerEndingType_4",
                "editable": false,
                "mandatory": false
            },
            "Remark": {
                "type": "text",
                "source": "Manual",
                "inputtype": "String",
                "id": "YATG_CTLORemark.YATG_DP_BreakerEndingType_4",
                "editable": false,
                "mandatory": false
            }
        },
        {
            "Parameter": "Breaker -5 Ending- Type",
            "Specification": {
                "type": "text",
                "source": "Manual",
                "inputtype": "dropdown",
                "id": "YATG_CTLOSpecification.YATG_DP_BreakerEndingType_5",
                "editable": true,
                "mandatory": true
            },
            "Minimum": {
                "type": "text",
                "source": "Manual",
                "inputtype": "Real",
                "id": "YATG_CTLOMinimum.YATG_DP_BreakerEndingType_5",
                "editable": false,
                "mandatory": false
            },
            "Maximum": {
                "type": "text",
                "source": "Manual",
                "inputtype": "Real",
                "id": "YATG_CTLOMaximum.YATG_DP_BreakerEndingType_5",
                "editable": false,
                "mandatory": false
            },
            "Remark": {
                "type": "text",
                "source": "Manual",
                "inputtype": "String",
                "id": "YATG_CTLORemark.YATG_DP_BreakerEndingType_5",
                "editable": false,
                "mandatory": false
            }
        },
        {
            "Parameter": "Breaker -6 Ending- Type",
            "Specification": {
                "type": "text",
                "source": "Manual",
                "inputtype": "dropdown",
                "id": "YATG_CTLOSpecification.YATG_DP_BreakerEndingType_6",
                "editable": true,
                "mandatory": true
            },
            "Minimum": {
                "type": "text",
                "source": "Manual",
                "inputtype": "Real",
                "id": "YATG_CTLOMinimum.YATG_DP_BreakerEndingType_6",
                "editable": false,
                "mandatory": false
            },
            "Maximum": {
                "type": "text",
                "source": "Manual",
                "inputtype": "Real",
                "id": "YATG_CTLOMaximum.YATG_DP_BreakerEndingType_6",
                "editable": false,
                "mandatory": false
            },
            "Remark": {
                "type": "text",
                "source": "Manual",
                "inputtype": "String",
                "id": "YATG_CTLORemark.YATG_DP_BreakerEndingType_6",
                "editable": false,
                "mandatory": false
            }
        },
        {
            "Parameter": "Breaker -1 Ending- Distance",
            "Specification": {
                "type": "text",
                "source": "Manual",
                "inputtype": "Real",
                "id": "YATG_CTLOSpecification.YATG_DP_BreakerEndingDistance_1",
                "editable": true,
                "mandatory": true
            },
            "Minimum": {
                "type": "text",
                "source": "Manual",
                "inputtype": "Real",
                "id": "YATG_CTLOMinimum.YATG_DP_BreakerEndingDistance_1",
                "editable": false,
                "mandatory": false
            },
            "Maximum": {
                "type": "text",
                "source": "Manual",
                "inputtype": "Real",
                "id": "YATG_CTLOMaximum.YATG_DP_BreakerEndingDistance_1",
                "editable": false,
                "mandatory": false
            },
            "Remark": {
                "type": "text",
                "source": "Manual",
                "inputtype": "String",
                "id": "YATG_CTLORemark.YATG_DP_BreakerEndingDistance_1",
                "editable": true,
                "mandatory": false
            }
        },
        {
            "Parameter": "Breaker -2 Ending- Distance",
            "Specification": {
                "type": "text",
                "source": "Manual",
                "inputtype": "Real",
                "id": "YATG_CTLOSpecification.YATG_DP_BreakerEndingDistance_2",
                "editable": true,
                "mandatory": true
            },
            "Minimum": {
                "type": "text",
                "source": "Manual",
                "inputtype": "Real",
                "id": "YATG_CTLOMinimum.YATG_DP_BreakerEndingDistance_2",
                "editable": false,
                "mandatory": false
            },
            "Maximum": {
                "type": "text",
                "source": "Manual",
                "inputtype": "Real",
                "id": "YATG_CTLOMaximum.YATG_DP_BreakerEndingDistance_2",
                "editable": false,
                "mandatory": false
            },
            "Remark": {
                "type": "text",
                "source": "Manual",
                "inputtype": "String",
                "id": "YATG_CTLORemark.YATG_DP_BreakerEndingDistance_2",
                "editable": true,
                "mandatory": false
            }
        },
        {
            "Parameter": "Breaker -3 Ending- Distance",
            "Specification": {
                "type": "text",
                "source": "Manual",
                "inputtype": "Real",
                "id": "YATG_CTLOSpecification.YATG_DP_BreakerEndingDistance_3",
                "editable": true,
                "mandatory": true
            },
            "Minimum": {
                "type": "text",
                "source": "Manual",
                "inputtype": "Real",
                "id": "YATG_CTLOMinimum.YATG_DP_BreakerEndingDistance_3",
                "editable": false,
                "mandatory": false
            },
            "Maximum": {
                "type": "text",
                "source": "Manual",
                "inputtype": "Real",
                "id": "YATG_CTLOMaximum.YATG_DP_BreakerEndingDistance_3",
                "editable": false,
                "mandatory": false
            },
            "Remark": {
                "type": "text",
                "source": "Manual",
                "inputtype": "String",
                "id": "YATG_CTLORemark.YATG_DP_BreakerEndingDistance_3",
                "editable": true,
                "mandatory": false
            }
        },
        {
            "Parameter": "Breaker -4 Ending- Distance",
            "Specification": {
                "type": "text",
                "source": "Manual",
                "inputtype": "Real",
                "id": "YATG_CTLOSpecification.YATG_DP_BreakerEndingDistance_4",
                "editable": true,
                "mandatory": true
            },
            "Minimum": {
                "type": "text",
                "source": "Manual",
                "inputtype": "Real",
                "id": "YATG_CTLOMinimum.YATG_DP_BreakerEndingDistance_4",
                "editable": false,
                "mandatory": false
            },
            "Maximum": {
                "type": "text",
                "source": "Manual",
                "inputtype": "Real",
                "id": "YATG_CTLOMaximum.YATG_DP_BreakerEndingDistance_4",
                "editable": false,
                "mandatory": false
            },
            "Remark": {
                "type": "text",
                "source": "Manual",
                "inputtype": "String",
                "id": "YATG_CTLORemark.YATG_DP_BreakerEndingDistance_4",
                "editable": true,
                "mandatory": false
            }
        },
        {
            "Parameter": "Breaker -5 Ending- Distance",
            "Specification": {
                "type": "text",
                "source": "Manual",
                "inputtype": "Real",
                "id": "YATG_CTLOSpecification.YATG_DP_BreakerEndingDistance_5",
                "editable": true,
                "mandatory": true
            },
            "Minimum": {
                "type": "text",
                "source": "Manual",
                "inputtype": "Real",
                "id": "YATG_CTLOMinimum.YATG_DP_BreakerEndingDistance_5",
                "editable": false,
                "mandatory": false
            },
            "Maximum": {
                "type": "text",
                "source": "Manual",
                "inputtype": "Real",
                "id": "YATG_CTLOMaximum.YATG_DP_BreakerEndingDistance_5",
                "editable": false,
                "mandatory": false
            },
            "Remark": {
                "type": "text",
                "source": "Manual",
                "inputtype": "String",
                "id": "YATG_CTLORemark.YATG_DP_BreakerEndingDistance_5",
                "editable": true,
                "mandatory": false
            }
        },
        {
            "Parameter": "Breaker -6 Ending- Distance",
            "Specification": {
                "type": "text",
                "source": "Manual",
                "inputtype": "Real",
                "id": "YATG_CTLOSpecification.YATG_DP_BreakerEndingDistance_6",
                "editable": true,
                "mandatory": true
            },
            "Minimum": {
                "type": "text",
                "source": "Manual",
                "inputtype": "Real",
                "id": "YATG_CTLOMinimum.YATG_DP_BreakerEndingDistance_6",
                "editable": false,
                "mandatory": false
            },
            "Maximum": {
                "type": "text",
                "source": "Manual",
                "inputtype": "Real",
                "id": "YATG_CTLOMaximum.YATG_DP_BreakerEndingDistance_6",
                "editable": false,
                "mandatory": false
            },
            "Remark": {
                "type": "text",
                "source": "Manual",
                "inputtype": "String",
                "id": "YATG_CTLORemark.YATG_DP_BreakerEndingDistance_6",
                "editable": true,
                "mandatory": false
            }
        },
        {
            "Parameter": "Ratio Of Green To Cured Material Under Bead -1",
            "Specification": {
                "type": "text",
                "source": "Manual",
                "inputtype": "Real",
                "id": "YATG_CTLOSpecification.YATG_DP_CuredMaterialUnderBead_1",
                "editable": true,
                "mandatory": true
            },
            "Minimum": {
                "type": "text",
                "source": "Manual",
                "inputtype": "Real",
                "id": "YATG_CTLOMinimum.YATG_DP_CuredMaterialUnderBead_1",
                "editable": false,
                "mandatory": false
            },
            "Maximum": {
                "type": "text",
                "source": "Manual",
                "inputtype": "Real",
                "id": "YATG_CTLOMaximum.YATG_DP_CuredMaterialUnderBead_1",
                "editable": false,
                "mandatory": false
            },
            "Remark": {
                "type": "text",
                "source": "Manual",
                "inputtype": "String",
                "id": "YATG_CTLORemark.YATG_DP_CuredMaterialUnderBead_1",
                "editable": true,
                "mandatory": false
            }
        },
        {
            "Parameter": "Ratio Of Green To Cured Material Under Bead -2",
            "Specification": {
                "type": "text",
                "source": "Manual",
                "inputtype": "Real",
                "id": "YATG_CTLOSpecification.YATG_DP_CuredMaterialUnderBead_2",
                "editable": true,
                "mandatory": true
            },
            "Minimum": {
                "type": "text",
                "source": "Manual",
                "inputtype": "Real",
                "id": "YATG_CTLOMinimum.YATG_DP_CuredMaterialUnderBead_2",
                "editable": false,
                "mandatory": false
            },
            "Maximum": {
                "type": "text",
                "source": "Manual",
                "inputtype": "Real",
                "id": "YATG_CTLOMaximum.YATG_DP_CuredMaterialUnderBead_2",
                "editable": false,
                "mandatory": false
            },
            "Remark": {
                "type": "text",
                "source": "Manual",
                "inputtype": "String",
                "id": "YATG_CTLORemark.YATG_DP_CuredMaterialUnderBead_2",
                "editable": true,
                "mandatory": false
            }
        },
        {
            "Parameter": "Ratio Of Green To Cured Material Under Bead -3",
            "Specification": {
                "type": "text",
                "source": "Manual",
                "inputtype": "Real",
                "id": "YATG_CTLOSpecification.YATG_DP_CuredMaterialUnderBead_3",
                "editable": true,
                "mandatory": true
            },
            "Minimum": {
                "type": "text",
                "source": "Manual",
                "inputtype": "Real",
                "id": "YATG_CTLOMinimum.YATG_DP_CuredMaterialUnderBead_3",
                "editable": false,
                "mandatory": false
            },
            "Maximum": {
                "type": "text",
                "source": "Manual",
                "inputtype": "Real",
                "id": "YATG_CTLOMaximum.YATG_DP_CuredMaterialUnderBead_3",
                "editable": false,
                "mandatory": false
            },
            "Remark": {
                "type": "text",
                "source": "Manual",
                "inputtype": "String",
                "id": "YATG_CTLORemark.YATG_DP_CuredMaterialUnderBead_3",
                "editable": true,
                "mandatory": false
            }
        },
        {
            "Parameter": "Base Compression Bead -1",
            "Specification": {
                "type": "text",
                "source": "Manual",
                "inputtype": "Real",
                "id": "YATG_CTLOSpecification.YATG_DP_BaseCompressionBead_1",
                "editable": true,
                "mandatory": true
            },
            "Minimum": {
                "type": "text",
                "source": "Manual",
                "inputtype": "Real",
                "id": "YATG_CTLOMinimum.YATG_DP_BaseCompressionBead_1",
                "editable": false,
                "mandatory": false
            },
            "Maximum": {
                "type": "text",
                "source": "Manual",
                "inputtype": "Real",
                "id": "YATG_CTLOMaximum.YATG_DP_BaseCompressionBead_1",
                "editable": false,
                "mandatory": false
            },
            "Remark": {
                "type": "text",
                "source": "Manual",
                "inputtype": "String",
                "id": "YATG_CTLORemark.YATG_DP_BaseCompressionBead_1",
                "editable": true,
                "mandatory": false
            }
        },
        {
            "Parameter": "Base Compression Bead -2",
            "Specification": {
                "type": "text",
                "source": "Manual",
                "inputtype": "Real",
                "id": "YATG_CTLOSpecification.YATG_DP_BaseCompressionBead_2",
                "editable": true,
                "mandatory": true
            },
            "Minimum": {
                "type": "text",
                "source": "Manual",
                "inputtype": "Real",
                "id": "YATG_CTLOMinimum.YATG_DP_BaseCompressionBead_2",
                "editable": false,
                "mandatory": false
            },
            "Maximum": {
                "type": "text",
                "source": "Manual",
                "inputtype": "Real",
                "id": "YATG_CTLOMaximum.YATG_DP_BaseCompressionBead_2",
                "editable": false,
                "mandatory": false
            },
            "Remark": {
                "type": "text",
                "source": "Manual",
                "inputtype": "String",
                "id": "YATG_CTLORemark.YATG_DP_BaseCompressionBead_2",
                "editable": true,
                "mandatory": false
            }
        },
        {
            "Parameter": "Base Compression Bead -3",
            "Specification": {
                "type": "text",
                "source": "Manual",
                "inputtype": "Real",
                "id": "YATG_CTLOSpecification.YATG_DP_BaseCompressionBead_3",
                "editable": true,
                "mandatory": true
            },
            "Minimum": {
                "type": "text",
                "source": "Manual",
                "inputtype": "Real",
                "id": "YATG_CTLOMinimum.YATG_DP_BaseCompressionBead_3",
                "editable": false,
                "mandatory": false
            },
            "Maximum": {
                "type": "text",
                "source": "Manual",
                "inputtype": "Real",
                "id": "YATG_CTLOMaximum.YATG_DP_BaseCompressionBead_3",
                "editable": false,
                "mandatory": false
            },
            "Remark": {
                "type": "text",
                "source": "Manual",
                "inputtype": "String",
                "id": "YATG_CTLORemark.YATG_DP_BaseCompressionBead_3",
                "editable": true,
                "mandatory": false
            }
        },
        {
            "Parameter": "Cured Inner Ply Angle (Degree)",
            "Specification": {
                "type": "text",
                "source": "Manual",
                "inputtype": "Real",
                "id": "YATG_CTLOSpecification.YATG_DP_CuredInnerPlyAngle",
                "editable": true,
                "mandatory": true
            },
            "Minimum": {
                "type": "text",
                "source": "Manual",
                "inputtype": "Real",
                "id": "YATG_CTLOMinimum.YATG_DP_CuredInnerPlyAngle",
                "editable": false,
                "mandatory": false
            },
            "Maximum": {
                "type": "text",
                "source": "Manual",
                "inputtype": "Real",
                "id": "YATG_CTLOMaximum.YATG_DP_CuredInnerPlyAngle",
                "editable": false,
                "mandatory": false
            },
            "Remark": {
                "type": "text",
                "source": "Manual",
                "inputtype": "String",
                "id": "YATG_CTLORemark.YATG_DP_CuredInnerPlyAngle",
                "editable": true,
                "mandatory": false
            }
        },
        {
            "Parameter": "Cured Outer Ply Angle (Degree)",
            "Specification": {
                "type": "text",
                "source": "Manual",
                "inputtype": "Real",
                "id": "YATG_CTLOSpecification.YATG_DP_CuredOutterPlyAngle",
                "editable": true,
                "mandatory": true
            },
            "Minimum": {
                "type": "text",
                "source": "Manual",
                "inputtype": "Real",
                "id": "YATG_CTLOMinimum.YATG_DP_CuredOutterPlyAngle",
                "editable": false,
                "mandatory": false
            },
            "Maximum": {
                "type": "text",
                "source": "Manual",
                "inputtype": "Real",
                "id": "YATG_CTLOMaximum.YATG_DP_CuredOutterPlyAngle",
                "editable": false,
                "mandatory": false
            },
            "Remark": {
                "type": "text",
                "source": "Manual",
                "inputtype": "String",
                "id": "YATG_CTLORemark.YATG_DP_CuredOutterPlyAngle",
                "editable": true,
                "mandatory": false
            }
        },
        {
            "Parameter": "Cured Breaker / Belt Angle (Degree)",
            "Specification": {
                "type": "text",
                "source": "Manual",
                "inputtype": "Real",
                "id": "YATG_CTLOSpecification.YATG_DP_CuredBreakerBeltAngle",
                "editable": true,
                "mandatory": true
            },
            "Minimum": {
                "type": "text",
                "source": "Manual",
                "inputtype": "Real",
                "id": "YATG_CTLOMinimum.YATG_DP_CuredBreakerBeltAngle",
                "editable": false,
                "mandatory": false
            },
            "Maximum": {
                "type": "text",
                "source": "Manual",
                "inputtype": "Real",
                "id": "YATG_CTLOMaximum.YATG_DP_CuredBreakerBeltAngle",
                "editable": false,
                "mandatory": false
            },
            "Remark": {
                "type": "text",
                "source": "Manual",
                "inputtype": "String",
                "id": "YATG_CTLORemark.YATG_DP_CuredBreakerBeltAngle",
                "editable": true,
                "mandatory": false
            }
        },
        {
            "Parameter": "Min. IL Gauge",
            "Specification": {
                "type": "text",
                "source": "Manual",
                "inputtype": "Real",
                "id": "YATG_CTLOSpecification.YATG_DP_MinILGauge",
                "editable": true,
                "mandatory": true
            },
            "Minimum": {
                "type": "text",
                "source": "Manual",
                "inputtype": "Real",
                "id": "YATG_CTLOMinimum.YATG_DP_MinILGauge",
                "editable": false,
                "mandatory": false
            },
            "Maximum": {
                "type": "text",
                "source": "Manual",
                "inputtype": "Real",
                "id": "YATG_CTLOMaximum.YATG_DP_MinILGauge",
                "editable": false,
                "mandatory": false
            },
            "Remark": {
                "type": "text",
                "source": "Manual",
                "inputtype": "String",
                "id": "YATG_CTLORemark.YATG_DP_MinILGauge",
                "editable": true,
                "mandatory": false
            }
        },
        {
            "Parameter": "IL Gauge @ Shoulder",
            "Specification": {
                "type": "text",
                "source": "Manual",
                "inputtype": "Real",
                "id": "YATG_CTLOSpecification.YATG_DP_ILGaugeShoulder",
                "editable": true,
                "mandatory": true
            },
            "Minimum": {
                "type": "text",
                "source": "Manual",
                "inputtype": "Real",
                "id": "YATG_CTLOMinimum.YATG_DP_ILGaugeShoulder",
                "editable": false,
                "mandatory": false
            },
            "Maximum": {
                "type": "text",
                "source": "Manual",
                "inputtype": "Real",
                "id": "YATG_CTLOMaximum.YATG_DP_ILGaugeShoulder",
                "editable": false,
                "mandatory": false
            },
            "Remark": {
                "type": "text",
                "source": "Manual",
                "inputtype": "String",
                "id": "YATG_CTLORemark.YATG_DP_ILGaugeShoulder",
                "editable": true,
                "mandatory": false
            }
        },
        {
            "Parameter": "IL",
            "Specification": {
                "type": "text",
                "source": "Manual",
                "inputtype": "dropdown",
                "id": "YATG_CTLOSpecification.YATG_DP_IL",
                "editable": true,
                "mandatory": true
            },
            "Minimum": {
                "type": "text",
                "source": "Manual",
                "inputtype": "Real",
                "id": "YATG_CTLOMinimum.YATG_DP_IL",
                "editable": false,
                "mandatory": false
            },
            "Maximum": {
                "type": "text",
                "source": "Manual",
                "inputtype": "Real",
                "id": "YATG_CTLOMaximum.YATG_DP_IL",
                "editable": false,
                "mandatory": false
            },
            "Remark": {
                "type": "text",
                "source": "Manual",
                "inputtype": "String",
                "id": "YATG_CTLORemark.YATG_DP_IL",
                "editable": false,
                "mandatory": false
            }
        }
    ]
}