{
    "EPR_EmptyTemplate": {
        "url": "/resources/v1/modeler/ReportManagement/EPR/generateEmptyExcelTemplate",
        "verb": "GET"
    },
    "EPR_Comparison" : {
        "url" : "/resources/v1/modeler/ReportManagement/EPR/generatecompexcelbyjson?objectIds=",
        "verb"  :"GET"
    },
    "EPR_Report" : {
        "url" : "/resources/v1/modeler/ReportManagement/EPR/generateexcelbyjson?id=",
        "verb" : "GET"
    },
    "EPR_ReviewPDF" : {
        "url" : "/resources/v1/modeler/ReportManagement/EPR/GetCombinedTrailSheetInformation?objectId=",
        "verb" : "GET"
    },
    "TPR_ReportPDF" : {
        "url" : "/resources/v1/modeler/ReportManagement/EPR/tprattributes?objectIds=",
        "verb" : "GET"
    }
}