{
    "fetchEngineeringItem":{
        "url":"",
        "verb":""
    },
    "getAttributes":{
        "url":"/resources/dictionary/interfaces?tenant=OnPremise&customerOnly=true&displayAttributes=true&noDeprecated=true&noAbstract=true",
        "verb":"POST"
    },
	"getObjectInfo":{
		"url":"/search",
		"verb":"POST"
	},
    "getDesignPhilosophyItemInfo":{
        "url":"/resources/v1/modeler/dsp/DesignPhilosophy/getRequestedAttributes",
        "verb":"POST"
    },
    "updateRequestedItem":{
        "url":"/resources/v1/modeler/dsp/DesignPhilosophy/updateRequestedAttributes",
        "verb":"POST"
    },
    "getClassifiedItem":{
        "url":"/resources/v1/modeler/dslib/dslib:Class",
        "verb":"GET"
    },
    "getClassifiedItemInformation":{
        "url":"/resources/v1/modeler/dslib/dslib:ClassifiedItem",
        "verb":"GET"
    },
    "getEngineeringItem":{
        "url":"/resources/v1/modeler/dseng/dseng:EngItem",
        "verb":"GET"
    },
    "getRawMaterialInfo":{
        "url":"/resources/v1/modeler/dsrm/dsrm:RawMaterial",
        "verb":"GET"
    }
}