{
  "ClipboardError": "Błąd schowka",
  "ClipboardActionKoMultipleSelection": "To działanie nie będzie działać w przypadku wyboru wielokrotnego",
  "InconsistentNbColumnsPerRowsInClipboard": "Dane w schowku muszą mieć jednakową liczbę kolumn na wiersze",
  "NbColumnsOfClipboardNotEqualToNbVisibleColumns": "Dane w schowku muszą mieć jednakową liczbę kolumn co wybranych węzłów",
  "GroupingUIPlaceholder": "Przeciągnij tutaj, aby ustawić grupy wierszy",
  "GeneratingPrintableView": "Generowanie widoku do wydruku...",
  "UpdatingGrouping": "Aktualizowanie grupowania...",
  "ContextualMenuBuilder": {
    "FilterColumn": "Filtruj kolumnę",
    "MaxFilterColumn": "Osiągnięto maksymalną liczbę filtrów",
    "ResetColumnFilter": "Zresetuj filtr kolumny",
    "PinMenu": "Przypnij kolumnę",
    "PinLeft": "Przypnij po lewej",
    "PinRight": "Przypnij po prawej",
    "NoPin": "Nie przypinaj",
    "SizeToFit": "Dopasuj rozmiar kolumny",
    "SizeGroupToFit": "Dopasuj rozmiar kolumn grupy",
    "SizeAllToFit": "Dopasuj rozmiar wszystkich kolumn",
    "InsertRowBefore": "Wstaw wiersz przed",
    "InsertRowAfter": "Wstaw wiersz po",
    "CustomViews": "Widoki niestandardowe..."
  },
  "NoObjectsFound": "Nie znaleziono obiektów",
  "FilterView": {
    "FilterByValues": "Filtruj według wartości",
    "FilterByConditions": "Filtruj według warunków",
    "Reset": "Resetuj",
    "OK": "OK",
    "Cancel": "Anuluj",
    "SelectAll": "Wybierz wszystkie",
    "FilterValues": "Wartości filtrów",
    "ModifyFilter": "Modyfikuj filtr",
    "AttributeValuePlaceHolder": "Wpisz tekst do wyszukania",
    "Blank": "Puste",
    "true": "prawda",
    "false": "fałsz",
    "left": "lewa strona",
    "right": "prawa strona",
    "pinned": "przypięty",
    "unpinned": "odpięty"
  },
  "FilterView_Condition_All": "Wyfiltruj <span id=\"conditionToggle\">wszystkie</span> z poniższych:",
  "FilterView_Condition_Any": "Wyfiltruj <span id=\"conditionToggle\">dowolne</span> z poniższych:",
  "FilterView_String_Contains": "Zawiera",
  "FilterView_String_DoesNotContain": "Nie zawiera",
  "FilterView_String_Equals": "Równe",
  "FilterView_String_DoesNotEqual": "Nie jest równe",
  "FilterView_String_StartsWith": "Zaczyna się od",
  "FilterView_String_EndsWith": "Kończy się na",
  "FilterView_String_Empty": "Jest puste",
  "FilterView_String_NotEmpty": "Nie jest puste",
  "FilterView_Number_Range": "Zakres",
  "FilterView_Number_Range_From": "Od",
  "FilterView_Number_Range_To": "Do",
  "FilterView_Number_Equals": "Równe",
  "FilterView_Number_DoesNotEqual": "Nie jest równe",
  "FilterView_Number_LessThan": "Mniejsze niż",
  "FilterView_Number_LessThanOrEqual": "Mniejsze lub równe",
  "FilterView_Number_GreaterThan": "Większe niż",
  "FilterView_Number_GreaterThanOrEqual": "Większe lub równe",
  "FilterView_Number_Empty": "Jest puste",
  "FilterView_Number_NotEmpty": "Nie jest puste",
  "FilterView_Date_Range": "Pomiędzy",
  "FilterView_Date_LessThan": "Jest przed",
  "FilterView_Date_LessThanOrEqual": "Jest przed lub równocześnie z",
  "FilterView_Date_GreaterThan": "Jest po",
  "FilterView_Date_GreaterThanOrEqual": "Jest po lub równocześnie z",
  "DefaultView": "Widok domyślny",
  "CustomViewDefaultName": "Widok niestandardowy",
  "DataGridViewCustomViewsDialog": {
    "Title": "Widoki niestandardowe",
    "SelectedView": "Widok",
    "RenameViewEditor": {
      "placeHolder": "Wprowadź nazwę widoku"
    },
    "RenameView": {
      "ShortHelp": "Zmień nazwę widoku",
      "LongHelp": "Kliknij, aby zmienić nazwę wybranego widoku niestandardowego"
    },
    "DeleteView": {
      "ShortHelp": "Usuń widok",
      "LongHelp": "Kliknij, aby usunąć wybrany widok niestandardowy",
      "ConfirmationQuestion": "Czy na pewno chcesz usunąć widok niestandardowy"
    },
    "CreateView": {
      "ShortHelp": "Utwórz nowy widok",
      "LongHelp": "Kliknij, aby utworzyć nowy widok niestandardowy"
    },
    "UpdateFromCurrentView": {
      "Label": "Aktualizuj z bieżącego widoku",
      "ShortHelp": "Aktualizuj wybrany widok niestandardowy z bieżącego widoku",
      "LongHelp": "Wybrany widok niestandardowy nie zawiera niektórych zmian wprowadzonych w bieżącym widoku.\nRóżnice te są zaznaczone na pomarańczowo.\nKliknij, aby zaktualizować wybrany widok niestandardowy na podstawie zmian w bieżącym widoku"
    },
    "ApplyView": {
      "ShortHelp": "Zapisano widok niestandardowy",
      "ViewSaved": "Zmiany zostały pomyślnie zapisane w widoku niestandardowym",
      "ConfirmationQuestion": "Czy chcesz zastosować te zmiany do bieżącego widoku?"
    },
    "ViewAlreadyExists": "Istnieje już widok niestandardowy o tej nazwie ",
    "ApplyToCurrentView": "Zastosuj zmiany do bieżącego widoku",
    "Description": "Zmień właściwości kolumn wybranego widoku",
    "ColumnsName": "Nazwa kolumny",
    "ColumnsVisibleFlag": "Widoczność",
    "ColumnsWidth": "Szerokość",
    "ColumnsPinnedState": "Przypięte",
    "Unpinned": "Nie przypinaj",
    "LeftPinned": "Lewa strona",
    "RightPinned": "Prawa strona",
    "GroupingPlaceholder": "Przeciągnij tutaj, aby ustawić grupy wierszy",
    "ResetPreferences": "Przywróć domyślne",
    "SaveAndApply": "Zapisz i zastosuj",
    "Apply": "Zastosuj",
    "SortByTitle": "Sortuj według",
    "SortByComboxBoxFirstLine": "Brak",
    "LayoutDensity": "Gęstość",
    "Compact": "Kompakt",
    "Comfortable": "Komfortowa"
  },
  "ModelMassUpdate": {
    "Title": "Aktualizacja wsadowa",
    "Description": "Wybierz atrybuty, które chcesz zaktualizować ",
    "ApplyToSelected": "Wybrane elementy",
    "ApplyToAll": "Wszystkie elementy"
  },
  "PrintableView": "Widok do druku",
  "Level": "Poziomy",
  "OpenCtxMenu": "Otwórz menu kontekstowe",
  "Menu": "Menu",
  "Expand": "Rozwiń",
  "Collapse": "Zwiń",
  "ExpandAll": "Rozwiń wszystko",
  "CollapseAll": "Zwiń wszystko",
  "Loading": "Ładowanie"
}
