{
  "ClipboardError": "Chyba schránky",
  "ClipboardActionKoMultipleSelection": "Tato akce nebude fungovat na vícenásobném výběru",
  "InconsistentNbColumnsPerRowsInClipboard": "Data ve schránce musí mít stejný počet sloupců na řádku",
  "NbColumnsOfClipboardNotEqualToNbVisibleColumns": "Data ve schránce musí mít stejný počet sloupců jako vybraných uzlů",
  "GroupingUIPlaceholder": "Přetažením sem nastavte skupiny řádků",
  "GeneratingPrintableView": "Generuje se tisknutelný pohled...",
  "UpdatingGrouping": "Probíhá aktualizace seskupení...",
  "ContextualMenuBuilder": {
    "FilterColumn": "Sloupec filtru",
    "MaxFilterColumn": "Bylo dosaženo maximálního počtu filtrů",
    "ResetColumnFilter": "Resetovat filtr sloupce",
    "PinMenu": "Připnout sloupec",
    "PinLeft": "Připnout vlevo",
    "PinRight": "Připnout vpravo",
    "NoPin": "Nepřipínat",
    "SizeToFit": "Přizpůsobit velikost sloupce",
    "SizeGroupToFit": "Přizpůsobit velikost sloupců skupiny",
    "SizeAllToFit": "Přizpůsobit velikost všech sloupců",
    "InsertRowBefore": "Vložit řádek před",
    "InsertRowAfter": "Vložit řádek za",
    "CustomViews": "Vlastní pohledy..."
  },
  "NoObjectsFound": "Nebyly nalezeny žádné objekty",
  "FilterView": {
    "FilterByValues": "Filtrovat podle hodnot",
    "FilterByConditions": "Filtrovat podle podmínek",
    "Reset": "Resetovat",
    "OK": "OK",
    "Cancel": "Zrušit",
    "SelectAll": "Vybrat vše",
    "FilterValues": "Filtrovat hodnoty",
    "ModifyFilter": "Upravit filtr",
    "AttributeValuePlaceHolder": "Zadejte text, který chcete vyhledat",
    "Blank": "Vynechané místo",
    "true": "pravda",
    "false": "nepravda",
    "left": "vlevo",
    "right": "vpravo",
    "pinned": "připnuto",
    "unpinned": "odepnuto"
  },
  "FilterView_Condition_All": "Filtrovat <span id=\"conditionToggle\">Vše</span> z následujících položek:",
  "FilterView_Condition_Any": "Filtrovat <span id=\"conditionToggle\">Některé</span> z následujících položek:",
  "FilterView_String_Contains": "Obsahuje",
  "FilterView_String_DoesNotContain": "Neobsahuje",
  "FilterView_String_Equals": "Rovná se",
  "FilterView_String_DoesNotEqual": "Nerovná se",
  "FilterView_String_StartsWith": "Začíná na",
  "FilterView_String_EndsWith": "Končí na",
  "FilterView_String_Empty": "Je prázdný",
  "FilterView_String_NotEmpty": "Není prázdný",
  "FilterView_Number_Range": "Rozsah",
  "FilterView_Number_Range_From": "Od",
  "FilterView_Number_Range_To": "Do",
  "FilterView_Number_Equals": "Rovná se",
  "FilterView_Number_DoesNotEqual": "Nerovná se",
  "FilterView_Number_LessThan": "Menší než",
  "FilterView_Number_LessThanOrEqual": "Menší než nebo rovno",
  "FilterView_Number_GreaterThan": "Větší než",
  "FilterView_Number_GreaterThanOrEqual": "Větší než nebo rovno",
  "FilterView_Number_Empty": "Je prázdný",
  "FilterView_Number_NotEmpty": "Není prázdný",
  "FilterView_Date_Range": "Mezi",
  "FilterView_Date_LessThan": "Je nižší",
  "FilterView_Date_LessThanOrEqual": "Je nižší nebo rovno",
  "FilterView_Date_GreaterThan": "Je vyšší",
  "FilterView_Date_GreaterThanOrEqual": "Je vyšší nebo rovno",
  "DefaultView": "Výchozí pohled",
  "CustomViewDefaultName": "Vlastní pohled",
  "DataGridViewCustomViewsDialog": {
    "Title": "Vlastní pohledy",
    "SelectedView": "Zobrazit",
    "RenameViewEditor": {
      "placeHolder": "Zadejte název pohledu"
    },
    "RenameView": {
      "ShortHelp": "Přejmenovat pohled",
      "LongHelp": "Kliknutím přejmenujete vybraný vlastní pohled"
    },
    "DeleteView": {
      "ShortHelp": "Odstranit pohled",
      "LongHelp": "Kliknutím odstraníte vybraný vlastní pohled",
      "ConfirmationQuestion": "Opravdu chcete odstranit vlastní pohled?"
    },
    "CreateView": {
      "ShortHelp": "Vytvořit nový pohled",
      "LongHelp": "Kliknutím vytvoříte nový vlastní pohled"
    },
    "UpdateFromCurrentView": {
      "Label": "Aktualizovat z aktuálního pohledu",
      "ShortHelp": "Aktualizovat vybraný uživatelský pohled z aktuálního pohledu",
      "LongHelp": "Vybrané uživatelské zobrazení neobsahuje některé změny provedené v aktuálním zobrazení.\nTyto rozdíly jsou označeny oranžově.\nKliknutím na toto tlačítko aktualizujete vybrané vlastní zobrazení z aktuálních změn zobrazení"
    },
    "ApplyView": {
      "ShortHelp": "Vlastní pohled byl uložen",
      "ViewSaved": "Změny byly úspěšně uloženy ve vlastním pohledu",
      "ConfirmationQuestion": "Chcete tyto změny použít na aktuální pohled?"
    },
    "ViewAlreadyExists": "Vlastní pohled s tímto názvem již existuje ",
    "ApplyToCurrentView": "Použít změny na aktuální pohled",
    "Description": "Změnit vlastnosti sloupců vybraného pohledu",
    "ColumnsName": "Název sloupce",
    "ColumnsVisibleFlag": "Viditelnost",
    "ColumnsWidth": "Šířka",
    "ColumnsPinnedState": "Čepové spojení",
    "Unpinned": "Nepřipínat",
    "LeftPinned": "Vlevo",
    "RightPinned": "Vpravo",
    "GroupingPlaceholder": "Přetažením sem nastavte skupiny řádků",
    "ResetPreferences": "Obnovit výchozí hodnoty",
    "SaveAndApply": "Uložit a použít",
    "Apply": "Použít",
    "SortByTitle": "Seřadit dle",
    "SortByComboxBoxFirstLine": "Nic",
    "LayoutDensity": "Hustota",
    "Compact": "Kompaktní",
    "Comfortable": "Komfortní"
  },
  "ModelMassUpdate": {
    "Title": "Hromadná aktualizace",
    "Description": "Vyberte atributy, které chcete aktualizovat ",
    "ApplyToSelected": "Vybrané položky",
    "ApplyToAll": "Všechny položky"
  },
  "PrintableView": "Tisknutelný pohled",
  "Level": "Úroveň",
  "OpenCtxMenu": "Otevřít místní nabídku",
  "Menu": "Nabídka",
  "Expand": "Rozbalit",
  "Collapse": "Sbalit",
  "ExpandAll": "Rozbalit vše",
  "CollapseAll": "Sbalit vše",
  "Loading": "Probíhá načítání"
}
