{
  "ClipboardError": "剪贴板错误",
  "ClipboardActionKoMultipleSelection": "该操作对多选无效",
  "InconsistentNbColumnsPerRowsInClipboard": "剪贴板数据必须与每行的列数相同",
  "NbColumnsOfClipboardNotEqualToNbVisibleColumns": "剪贴板数据必须与选定节点有相同的列数",
  "GroupingUIPlaceholder": "拖动此处可设置行组",
  "GeneratingPrintableView": "正在生成可打印视图...",
  "UpdatingGrouping": "正在更新分组...",
  "ContextualMenuBuilder": {
    "FilterColumn": "过滤列",
    "MaxFilterColumn": "已达到过滤器的最大数量",
    "ResetColumnFilter": "重置列过滤器",
    "PinMenu": "固定列",
    "PinLeft": "固定至左侧",
    "PinRight": "固定至右侧",
    "NoPin": "不固定",
    "SizeToFit": "使当前列适屏显示",
    "SizeGroupToFit": "使组列适屏显示",
    "SizeAllToFit": "使所有列适屏显示",
    "InsertRowBefore": "在前面插入行",
    "InsertRowAfter": "在后面插入行",
    "CustomViews": "自定义视图..."
  },
  "NoObjectsFound": "未找到任何对象",
  "FilterView": {
    "FilterByValues": "按值过滤",
    "FilterByConditions": "按条件过滤",
    "Reset": "重置",
    "OK": "确定",
    "Cancel": "取消",
    "SelectAll": "全选",
    "FilterValues": "过滤值",
    "ModifyFilter": "修改过滤器",
    "AttributeValuePlaceHolder": "键入要搜索的文本",
    "Blank": "空白",
    "true": "true",
    "false": "false",
    "left": "左",
    "right": "右",
    "pinned": "固定",
    "unpinned": "取消固定"
  },
  "FilterView_Condition_All": "过滤以下<span id=\"conditionToggle\">所有</span>项：",
  "FilterView_Condition_Any": "过滤以下<span id=\"conditionToggle\">任意</span>项：",
  "FilterView_String_Contains": "包含",
  "FilterView_String_DoesNotContain": "不包含",
  "FilterView_String_Equals": "等于",
  "FilterView_String_DoesNotEqual": "不等于",
  "FilterView_String_StartsWith": "开始于",
  "FilterView_String_EndsWith": "结束于",
  "FilterView_String_Empty": "为空",
  "FilterView_String_NotEmpty": "不为空",
  "FilterView_Number_Range": "范围",
  "FilterView_Number_Range_From": "自",
  "FilterView_Number_Range_To": "至",
  "FilterView_Number_Equals": "等于",
  "FilterView_Number_DoesNotEqual": "不等于",
  "FilterView_Number_LessThan": "小于",
  "FilterView_Number_LessThanOrEqual": "小于或等于",
  "FilterView_Number_GreaterThan": "大于",
  "FilterView_Number_GreaterThanOrEqual": "大于或等于",
  "FilterView_Number_Empty": "为空",
  "FilterView_Number_NotEmpty": "不为空",
  "FilterView_Date_Range": "介于之间",
  "FilterView_Date_LessThan": "早于",
  "FilterView_Date_LessThanOrEqual": "早于或等于",
  "FilterView_Date_GreaterThan": "晚于",
  "FilterView_Date_GreaterThanOrEqual": "晚于或等于",
  "DefaultView": "默认视图",
  "CustomViewDefaultName": "自定义视图",
  "DataGridViewCustomViewsDialog": {
    "Title": "自定义视图",
    "SelectedView": "查看",
    "RenameViewEditor": {
      "placeHolder": "输入视图名称"
    },
    "RenameView": {
      "ShortHelp": "重命名视图",
      "LongHelp": "单击以重命名选定自定义视图"
    },
    "DeleteView": {
      "ShortHelp": "删除视图",
      "LongHelp": "单击以删除选定自定义视图",
      "ConfirmationQuestion": "是否确定要删除自定义视图"
    },
    "CreateView": {
      "ShortHelp": "创建新视图",
      "LongHelp": "单击以创建新自定义视图"
    },
    "UpdateFromCurrentView": {
      "Label": "从当前视图更新",
      "ShortHelp": "从当前视图更新选定自定义视图",
      "LongHelp": "所选自定义视图不包含在当前视图中所做的某些更改。\n这些差异标为橙色。\n单击可根据当前视图更改更新选定自定义视图"
    },
    "ApplyView": {
      "ShortHelp": "自定义视图已保存",
      "ViewSaved": "更改已成功保存到自定义视图",
      "ConfirmationQuestion": "是否要对当前视图应用这些更改？"
    },
    "ViewAlreadyExists": "已存在该名称的自定义视图 ",
    "ApplyToCurrentView": "对当前视图应用更改",
    "Description": "更改选定视图的列属性",
    "ColumnsName": "列名称",
    "ColumnsVisibleFlag": "可见性",
    "ColumnsWidth": "宽度",
    "ColumnsPinnedState": "固定",
    "Unpinned": "不固定",
    "LeftPinned": "左",
    "RightPinned": "右",
    "GroupingPlaceholder": "拖动此处可设置行组",
    "ResetPreferences": "重置为默认值",
    "SaveAndApply": "保存并应用",
    "Apply": "应用",
    "SortByTitle": "排序方式",
    "SortByComboxBoxFirstLine": "无",
    "LayoutDensity": "密度",
    "Compact": "紧凑",
    "Comfortable": "舒适"
  },
  "ModelMassUpdate": {
    "Title": "批量更新",
    "Description": "选择要对其更新的属性 ",
    "ApplyToSelected": "选定项目",
    "ApplyToAll": "所有项目"
  },
  "PrintableView": "可打印视图",
  "Level": "级别",
  "OpenCtxMenu": "打开上下文菜单",
  "Menu": "菜单",
  "Expand": "展开",
  "Collapse": "折叠",
  "ExpandAll": "全部展开",
  "CollapseAll": "全部折叠",
  "Loading": "正在加载"
}
