{
  "ClipboardError": "Erro da área de transferência",
  "ClipboardActionKoMultipleSelection": "Esta ação não funcionará em várias seleções",
  "InconsistentNbColumnsPerRowsInClipboard": "Os dados da área de transferência devem ter o mesmo número de colunas por linha",
  "NbColumnsOfClipboardNotEqualToNbVisibleColumns": "Os dados da área de transferência devem ter o mesmo número de colunas que os nós selecionados",
  "GroupingUIPlaceholder": "Arraste aqui para definir grupos de linhas",
  "GeneratingPrintableView": "Gerando visualização de impressão...",
  "UpdatingGrouping": "Atualizando agrupamento...",
  "ContextualMenuBuilder": {
    "FilterColumn": "Filtrar coluna",
    "MaxFilterColumn": "O número máximo de filtros foi atingido",
    "ResetColumnFilter": "Redefinir filtro de coluna",
    "PinMenu": "Coluna de pinos",
    "PinLeft": "Fixar à Esquerda",
    "PinRight": "Fixar à Direita",
    "NoPin": "Nenhum pino",
    "SizeToFit": "Dimensionar coluna para ajustar",
    "SizeGroupToFit": "Dimensionar colunas do grupo para ajustar",
    "SizeAllToFit": "Dimensionar todas as colunas para ajustar",
    "InsertRowBefore": "Inserir linha antes",
    "InsertRowAfter": "Inserir linha após",
    "CustomViews": "Vistas personalizadas..."
  },
  "NoObjectsFound": "Nenhum objeto encontrado",
  "FilterView": {
    "FilterByValues": "Filtrar por valores",
    "FilterByConditions": "Filtrar por condições",
    "Reset": "Redefinir",
    "OK": "OK",
    "Cancel": "Cancelar",
    "SelectAll": "Selecionar Tudo",
    "FilterValues": "Filtrar valores",
    "ModifyFilter": "Modificar filtro",
    "AttributeValuePlaceHolder": "Digite o texto para pesquisar",
    "Blank": "Em branco",
    "true": "verdadeiro",
    "false": "falso",
    "left": "esquerda",
    "right": "direita",
    "pinned": "fixado",
    "unpinned": "desafixado"
  },
  "FilterView_Condition_All": "Filtrar <span id=\"conditionToggle\"> todas </span> as seguintes opções:",
  "FilterView_Condition_Any": "Filtrar <span id=\"conditionToggle\"> qualquer </span> uma das seguintes opções:",
  "FilterView_String_Contains": "Contém",
  "FilterView_String_DoesNotContain": "Não contém",
  "FilterView_String_Equals": "igual a",
  "FilterView_String_DoesNotEqual": "Não é igual a",
  "FilterView_String_StartsWith": "Começa com",
  "FilterView_String_EndsWith": "Termina Com",
  "FilterView_String_Empty": "Está vazia",
  "FilterView_String_NotEmpty": "Não está vazia",
  "FilterView_Number_Range": "Intervalo",
  "FilterView_Number_Range_From": "De",
  "FilterView_Number_Range_To": "Para",
  "FilterView_Number_Equals": "igual a",
  "FilterView_Number_DoesNotEqual": "Não é igual a",
  "FilterView_Number_LessThan": "Menor do que",
  "FilterView_Number_LessThanOrEqual": "Menor ou igual a",
  "FilterView_Number_GreaterThan": "Maior do que",
  "FilterView_Number_GreaterThanOrEqual": "Maior ou igual a",
  "FilterView_Number_Empty": "Está vazia",
  "FilterView_Number_NotEmpty": "Não está vazia",
  "FilterView_Date_Range": "Entre",
  "FilterView_Date_LessThan": "É anterior",
  "FilterView_Date_LessThanOrEqual": "É anterior ou igual a",
  "FilterView_Date_GreaterThan": "É posterior",
  "FilterView_Date_GreaterThanOrEqual": "É posterior ou igual a",
  "DefaultView": "Visualização padrão",
  "CustomViewDefaultName": "Vista personalizada",
  "DataGridViewCustomViewsDialog": {
    "Title": "Vistas personalizadas",
    "SelectedView": "Visualizar",
    "RenameViewEditor": {
      "placeHolder": "Inserir um nome de vista"
    },
    "RenameView": {
      "ShortHelp": "Renomear vista",
      "LongHelp": "Clique para renomear a vista personalizada selecionada"
    },
    "DeleteView": {
      "ShortHelp": "Excluir vista",
      "LongHelp": "Clique para excluir a vista personalizada selecionada",
      "ConfirmationQuestion": "Tem certeza de que deseja excluir a vista personalizada"
    },
    "CreateView": {
      "ShortHelp": "Criar nova vista",
      "LongHelp": "Clique para criar uma nova vista personalizada"
    },
    "UpdateFromCurrentView": {
      "Label": "Atualizar a partir da vista atual",
      "ShortHelp": "Atualizar vista personalizada selecionada a partir da vista atual",
      "LongHelp": "A exibição personalizada selecionada não contém algumas alterações feitas na exibição atual.\nEssas diferenças são marcadas em laranja.\nClique para atualizar a exibição personalizada selecionada a partir das alterações da exibição atual"
    },
    "ApplyView": {
      "ShortHelp": "Vista personalizada salva",
      "ViewSaved": "As alterações foram salvas com êxito na vista personalizada",
      "ConfirmationQuestion": "Deseja aplicar essas alterações à vista atual?"
    },
    "ViewAlreadyExists": "Já existe uma exibição personalizada para o nome ",
    "ApplyToCurrentView": "Aplicar alterações à vista atual",
    "Description": "Altere as propriedades das colunas da vista selecionada",
    "ColumnsName": "Nome da coluna",
    "ColumnsVisibleFlag": "Visibilidade",
    "ColumnsWidth": "Largura",
    "ColumnsPinnedState": "Fixado",
    "Unpinned": "Nenhum pino",
    "LeftPinned": "Esquerda",
    "RightPinned": "Direita",
    "GroupingPlaceholder": "Arraste aqui para definir grupos de linhas",
    "ResetPreferences": "Redefinir para padrão",
    "SaveAndApply": "Salvar e aplicar",
    "Apply": "Aplicar",
    "SortByTitle": "Classificado por",
    "SortByComboxBoxFirstLine": "Nenhum",
    "LayoutDensity": "Densidade",
    "Compact": "Compacto",
    "Comfortable": "Confortável"
  },
  "ModelMassUpdate": {
    "Title": "Atualização em massa",
    "Description": "Escolha os atributos que deseja atualizar em ",
    "ApplyToSelected": "Itens selecionados",
    "ApplyToAll": "Todos os itens"
  },
  "PrintableView": "Vista para impressão",
  "Level": "Nível",
  "OpenCtxMenu": "Abrir menu contextual",
  "Menu": "Menu",
  "Expand": "Expandir",
  "Collapse": "Recolher",
  "ExpandAll": "Expandir Tudo",
  "CollapseAll": "Recolher tudo",
  "Loading": "Carregando"
}
