{
  "ClipboardError": "クリップボード エラー",
  "ClipboardActionKoMultipleSelection": "このアクションは複数選択では機能しません",
  "InconsistentNbColumnsPerRowsInClipboard": "クリップボード データは行当たりの列数が同じでなければなりません",
  "NbColumnsOfClipboardNotEqualToNbVisibleColumns": "クリップボード データは、選択したノードと列数が同じでなければなりません",
  "GroupingUIPlaceholder": "ここにドラッグして行グループを設定",
  "GeneratingPrintableView": "印刷可能ビューを生成しています...",
  "UpdatingGrouping": "グループ化を更新しています...",
  "ContextualMenuBuilder": {
    "FilterColumn": "列をフィルタ",
    "MaxFilterColumn": "フィルタの最大数に達しました",
    "ResetColumnFilter": "列フィルタをリセットします",
    "PinMenu": "列を固定",
    "PinLeft": "左に固定",
    "PinRight": "右に固定",
    "NoPin": "固定なし",
    "SizeToFit": "列のサイズをフィット",
    "SizeGroupToFit": "グループの列のサイズをフィット",
    "SizeAllToFit": "すべての列のサイズをフィット",
    "InsertRowBefore": "行を前に挿入",
    "InsertRowAfter": "行を後に挿入",
    "CustomViews": "カスタム ビュー..."
  },
  "NoObjectsFound": "オブジェクトが見つかりません",
  "FilterView": {
    "FilterByValues": "値でフィルタ",
    "FilterByConditions": "条件でフィルタ",
    "Reset": "リセット",
    "OK": "OK",
    "Cancel": "キャンセル",
    "SelectAll": "すべて選択",
    "FilterValues": "フィルタ値",
    "ModifyFilter": "フィルタを修正",
    "AttributeValuePlaceHolder": "検索するテキストを入力",
    "Blank": "空白",
    "true": "true",
    "false": "false",
    "left": "左",
    "right": "右",
    "pinned": "固定",
    "unpinned": "固定解除"
  },
  "FilterView_Condition_All": "次の <span id=\"conditionToggle\">すべて</span> をフィルタリングします。",
  "FilterView_Condition_Any": "次の <span id=\"conditionToggle\">いずれか</span> をフィルタリングします。",
  "FilterView_String_Contains": "含む",
  "FilterView_String_DoesNotContain": "含まない",
  "FilterView_String_Equals": "等しい",
  "FilterView_String_DoesNotEqual": "と等しくありません",
  "FilterView_String_StartsWith": "開始文字列",
  "FilterView_String_EndsWith": "終了文字列",
  "FilterView_String_Empty": "空である",
  "FilterView_String_NotEmpty": "空でない",
  "FilterView_Number_Range": "範囲",
  "FilterView_Number_Range_From": "リンク元",
  "FilterView_Number_Range_To": "リンク先",
  "FilterView_Number_Equals": "等しい",
  "FilterView_Number_DoesNotEqual": "と等しくありません",
  "FilterView_Number_LessThan": "より小さい",
  "FilterView_Number_LessThanOrEqual": "以下",
  "FilterView_Number_GreaterThan": "より大きい",
  "FilterView_Number_GreaterThanOrEqual": "以上",
  "FilterView_Number_Empty": "空である",
  "FilterView_Number_NotEmpty": "空でない",
  "FilterView_Date_Range": "範囲内",
  "FilterView_Date_LessThan": "より前",
  "FilterView_Date_LessThanOrEqual": "以前",
  "FilterView_Date_GreaterThan": "より後",
  "FilterView_Date_GreaterThanOrEqual": "以降",
  "DefaultView": "デフォルト ビュー",
  "CustomViewDefaultName": "カスタム ビュー",
  "DataGridViewCustomViewsDialog": {
    "Title": "カスタム ビュー",
    "SelectedView": "ビュー",
    "RenameViewEditor": {
      "placeHolder": "ビュー名を入力"
    },
    "RenameView": {
      "ShortHelp": "ビューを名前変更",
      "LongHelp": "クリックして、選択したカスタム ビューの名前を変更"
    },
    "DeleteView": {
      "ShortHelp": "ビューを削除",
      "LongHelp": "クリックして、選択したカスタム ビューを削除",
      "ConfirmationQuestion": "カスタム ビューを削除してよろしいですか"
    },
    "CreateView": {
      "ShortHelp": "新規ビューを作成",
      "LongHelp": "クリックして、新しいカスタム ビューを作成します"
    },
    "UpdateFromCurrentView": {
      "Label": "現在のビューから更新",
      "ShortHelp": "選択したカスタム ビューを現在のビューから更新",
      "LongHelp": "選択したカスタム ビューには、現在のビューで行われた変更が含まれていません。\nこれらの違いはオレンジ色でマークされています。\nクリックすると、選択したカスタムビューが現在のビューの変更から更新されます"
    },
    "ApplyView": {
      "ShortHelp": "カスタム ビューを保存しました",
      "ViewSaved": "カスタム ビューでの変更は正常に保存されました",
      "ConfirmationQuestion": "これらの変更を現行のビューに適用しますか?"
    },
    "ViewAlreadyExists": "この名前のカスタム ビューはすでに存在します ",
    "ApplyToCurrentView": "現行のビューに変更を適用",
    "Description": "選択したビューの列プロパティを変更",
    "ColumnsName": "列名",
    "ColumnsVisibleFlag": "表示設定",
    "ColumnsWidth": "幅",
    "ColumnsPinnedState": "固定",
    "Unpinned": "固定なし",
    "LeftPinned": "左",
    "RightPinned": "右",
    "GroupingPlaceholder": "ここにドラッグして行グループを設定",
    "ResetPreferences": "デフォルトにリセット",
    "SaveAndApply": "保存および適用",
    "Apply": "適用",
    "SortByTitle": "ソート基準",
    "SortByComboxBoxFirstLine": "なし",
    "LayoutDensity": "間隔",
    "Compact": "狭い",
    "Comfortable": "広い"
  },
  "ModelMassUpdate": {
    "Title": "一括更新",
    "Description": "更新する属性を選択してください ",
    "ApplyToSelected": "選択アイテム",
    "ApplyToAll": "すべてのアイテム"
  },
  "PrintableView": "印刷可能ビュー",
  "Level": "レベル",
  "OpenCtxMenu": "コンテキスト メニューを開く",
  "Menu": "メニュー",
  "Expand": "展開",
  "Collapse": "折りたたむ",
  "ExpandAll": "すべてを展開",
  "CollapseAll": "すべてを折りたたむ",
  "Loading": "読込み中"
}
