{
  "ClipboardError": "Clipboard Error",
  "ClipboardActionKoMultipleSelection": "This action won't work on multiple selection",
  "InconsistentNbColumnsPerRowsInClipboard": "The clipboard data must have the same number of columns per rows",
  "NbColumnsOfClipboardNotEqualToNbVisibleColumns": "The clipboard data must have same number of columns than the selected nodes",
  "GroupingUIPlaceholder": "Drag here to set row groups",
  "GeneratingPrintableView": "Generating printable view...",
  "UpdatingGrouping": "Updating Grouping...",
  "ContextualMenuBuilder": {
    "FilterColumn": "Filter Column",
    "MaxFilterColumn": "The maximum number of filters has been reached",
    "ResetColumnFilter": "Reset Column Filter",
    "PinMenu": "Pin Column",
    "PinLeft": "Pin to the Left",
    "PinRight": "Pin to the Right",
    "NoPin": "No Pin",
    "SizeToFit": "Size Column to Fit",
	  "SizeGroupToFit": "Size Columns of Group to Fit",
    "SizeAllToFit": "Size All Columns to Fit",
    "InsertRowBefore": "Insert Row Before",
    "InsertRowAfter": "Insert Row After",
    "CustomViews": "Custom Views..."
  },
  "NoObjectsFound": "No Objects Found",

  "FilterView": {
    "FilterByValues": "Filter by Values",
    "FilterByConditions": "Filter by Conditions",
    "Reset": "Reset",
    "OK": "OK",
    "Cancel": "Cancel",
    "SelectAll": "Select All",
    "FilterValues": "Filter Values",
    "ModifyFilter": "Modify Filter",
    "AttributeValuePlaceHolder": "Type text to search",
    "Blank": "Blank",
    "true": "true",
    "false": "false",
    "left": "left",
    "right": "right",
    "pinned": "pinned",
    "unpinned": "unpinned"
  },
  "FilterView_Condition_All": "Filter <span id=\"conditionToggle\">All</span> of the following:",
  "FilterView_Condition_Any": "Filter <span id=\"conditionToggle\">Any</span> of the following:",
  "FilterView_String_Contains": "Contains",
  "FilterView_String_DoesNotContain": "Does not contain",
  "FilterView_String_Equals": "Equals to",
  "FilterView_String_DoesNotEqual": "Does not equal to",
  "FilterView_String_StartsWith": "Starts with",
  "FilterView_String_EndsWith": "Ends with",
  "FilterView_String_Empty": "Is empty",
  "FilterView_String_NotEmpty": "Is not empty",
  "FilterView_Number_Range": "Range",
  "FilterView_Number_Range_From": "From",
  "FilterView_Number_Range_To": "To",
  "FilterView_Number_Equals": "Equals to",
  "FilterView_Number_DoesNotEqual": "Does not equal to",
  "FilterView_Number_LessThan": "Less than",
  "FilterView_Number_LessThanOrEqual": "Less than or equal to",
  "FilterView_Number_GreaterThan": "Greater than",
  "FilterView_Number_GreaterThanOrEqual": "Greater than or equal to",
  "FilterView_Number_Empty": "Is empty",
  "FilterView_Number_NotEmpty": "Is not empty",
  "FilterView_Date_Range": "Between",
  "FilterView_Date_LessThan": "Is before",
  "FilterView_Date_LessThanOrEqual": "Is before or equal to",
  "FilterView_Date_GreaterThan": "Is after",
  "FilterView_Date_GreaterThanOrEqual": "Is after or equal to",

  "DefaultView": "Default View",
  "CustomViewDefaultName": "Custom View",
  "DataGridViewCustomViewsDialog": {
    "Title": "Custom Views",
    "SelectedView": "View",
    "RenameViewEditor": {
      "placeHolder" : "Enter a view name"
    },
    "RenameView": {
      "ShortHelp": "Rename View",
      "LongHelp": "Click to rename the selected custom view"
    },
    "DeleteView": {
      "ShortHelp": "Delete View",
      "LongHelp": "Click to delete the selected custom view",
      "ConfirmationQuestion": "Are you sure you want to delete the custom view"
    },
    "CreateView": {
      "ShortHelp": "Create New View",
      "LongHelp": "Click to create a new custom view"
    },
    "UpdateFromCurrentView": {
      "Label": "Update from Current View",
      "ShortHelp": "Update selected custom view from current view",
      "LongHelp": "The selected custom view does not contain some changes made in the current view.\nThese differences are marked in orange.\nClick to update the selected custom view from the current view changes"
    },
    "ApplyView": {
      "ShortHelp": "Custom view saved",
      "ViewSaved": "The changes have been successfully saved in the custom view",
      "ConfirmationQuestion": "Do you want to apply these changes to the current view ?"
    },
    "ViewAlreadyExists": "A custom view already exists for the name ",
    "ApplyToCurrentView": "Apply changes to current view",
    "Description": "Change the columns properties of the selected view",
    "ColumnsName": "Column Name",
    "ColumnsVisibleFlag": "Visibility",
    "ColumnsWidth": "Width",
    "ColumnsPinnedState": "Pinned",
    "Unpinned": "No Pin",
    "LeftPinned": "Left",
    "RightPinned": "Right",
    "GroupingPlaceholder": "Drag here to set row groups",
    "ResetPreferences": "Reset to Default",
    "SaveAndApply": "Save and Apply",
    "Apply": "Apply",
    "SortByTitle": "Sort by",
    "SortByComboxBoxFirstLine": "None",
    "LayoutDensity": "Density",
    "Compact": "Compact",
    "Comfortable": "Comfortable"
  },
  "ModelMassUpdate": {
    "Title": "Mass Update",
    "Description": "Choose the attributes you want to update on ",
    "ApplyToSelected": "Selected items",
    "ApplyToAll": "All items"
  },
  "PrintableView": "Printable View",
  "Level": "Level",
  "OpenCtxMenu": "Open Contextual Menu",
  "Menu": "Menu",
  "Expand" : "Expand",
  "Collapse" : "Collapse",
  "ExpandAll" : "Expand All",
  "CollapseAll" : "Collapse All",
  "Loading": "Loading"
}
