{
  "ClipboardError": "Fehler in der Zwischenablage",
  "ClipboardActionKoMultipleSelection": "Dieser Vorgang ist bei Mehrfachauswahl nicht möglich",
  "InconsistentNbColumnsPerRowsInClipboard": "Die Daten in der Zwischenablage müssen dieselbe Anzahl an Spalten pro Zeile aufweisen",
  "NbColumnsOfClipboardNotEqualToNbVisibleColumns": "Die Daten in der Zwischenablage müssen dieselbe Anzahl an Spalten aufweisen wie die ausgewählten Knoten",
  "GroupingUIPlaceholder": "Hierher ziehen, um Zeilengruppen festzulegen",
  "GeneratingPrintableView": "Druckvorschau wird generiert...",
  "UpdatingGrouping": "Gruppierung wird aktualisiert...",
  "ContextualMenuBuilder": {
    "FilterColumn": "Spalte filtern",
    "MaxFilterColumn": "Die maximale Anzahl an Filtern wurde erreicht",
    "ResetColumnFilter": "Spaltenfilter zurücksetzen",
    "PinMenu": "Spalte fixieren",
    "PinLeft": "Links fixieren",
    "PinRight": "Rechts fixieren",
    "NoPin": "Nicht fixieren",
    "SizeToFit": "Größe der Spalte anpassen",
    "SizeGroupToFit": "Größe der Spalten der anzupassenden Gruppe",
    "SizeAllToFit": "Größe aller Spalte anpassen",
    "InsertRowBefore": "Zeile einfügen vor",
    "InsertRowAfter": "Zeile einfügen nach",
    "CustomViews": "Benutzerdefinierte Ansichten..."
  },
  "NoObjectsFound": "Keine Objekte gefunden",
  "FilterView": {
    "FilterByValues": "Nach Werten filtern",
    "FilterByConditions": "Nach Bedingungen filtern",
    "Reset": "Zurücksetzen",
    "OK": "OK",
    "Cancel": "Abbrechen",
    "SelectAll": "Alle auswählen",
    "FilterValues": "Filterwerte",
    "ModifyFilter": "Filtern bearbeiten",
    "AttributeValuePlaceHolder": "Text zum Suchen eingeben",
    "Blank": "Leer",
    "true": "wahr",
    "false": "falsch",
    "left": "links",
    "right": "rechts",
    "pinned": "angeheftet",
    "unpinned": "nicht mehr angeheftet"
  },
  "FilterView_Condition_All": "<span id=\"conditionToggle\">Alle</span> der folgenden Elemente filtern:",
  "FilterView_Condition_Any": "<span id=\"conditionToggle\">Eines</span> der folgenden Elemente filtern:",
  "FilterView_String_Contains": "Enthält",
  "FilterView_String_DoesNotContain": "Enthält nicht",
  "FilterView_String_Equals": "Ist gleich",
  "FilterView_String_DoesNotEqual": "Ungleich zu",
  "FilterView_String_StartsWith": "Beginnt mit",
  "FilterView_String_EndsWith": "Endet mit",
  "FilterView_String_Empty": "Ist leer",
  "FilterView_String_NotEmpty": "Ist nicht leer",
  "FilterView_Number_Range": "Bereich",
  "FilterView_Number_Range_From": "Von",
  "FilterView_Number_Range_To": "Bis",
  "FilterView_Number_Equals": "Ist gleich",
  "FilterView_Number_DoesNotEqual": "Ungleich zu",
  "FilterView_Number_LessThan": "Kleiner als",
  "FilterView_Number_LessThanOrEqual": "Kleiner als oder gleich",
  "FilterView_Number_GreaterThan": "Größer als",
  "FilterView_Number_GreaterThanOrEqual": "Größer als oder gleich",
  "FilterView_Number_Empty": "Ist leer",
  "FilterView_Number_NotEmpty": "Ist nicht leer",
  "FilterView_Date_Range": "Zwischen",
  "FilterView_Date_LessThan": "Ist vor",
  "FilterView_Date_LessThanOrEqual": "ist vor oder gleich",
  "FilterView_Date_GreaterThan": "Ist nach",
  "FilterView_Date_GreaterThanOrEqual": "ist nach oder gleich",
  "DefaultView": "Standardansicht",
  "CustomViewDefaultName": "Benutzerdefinierte Ansicht",
  "DataGridViewCustomViewsDialog": {
    "Title": "Benutzerdefinierte Ansichten",
    "SelectedView": "Anzeige",
    "RenameViewEditor": {
      "placeHolder": "Ansichtsnamen eingeben"
    },
    "RenameView": {
      "ShortHelp": "Ansicht umbenennen",
      "LongHelp": "Klicken, um die ausgewählte benutzerdefinierte Ansicht umzubenennen"
    },
    "DeleteView": {
      "ShortHelp": "Ansicht löschen",
      "LongHelp": "Klicken, um die ausgewählte benutzerdefinierte Ansicht zu löschen",
      "ConfirmationQuestion": "Möchten Sie die benutzerdefinierte Ansicht wirklich löschen?"
    },
    "CreateView": {
      "ShortHelp": "Neue Ansicht erstellen",
      "LongHelp": "Klicken, um eine neue benutzerdefinierte Ansicht zu erstellen"
    },
    "UpdateFromCurrentView": {
      "Label": "Aus aktueller Ansicht aktualisieren",
      "ShortHelp": "Ausgewählte benutzerdefinierte Ansicht aus aktueller Ansicht aktualisieren",
      "LongHelp": "Die ausgewählte benutzerdefinierte Ansicht enthält einige Änderungen nicht, die in der aktuellen Ansicht vorgenommen wurden.\nDie Abweichungen sind orange hervorgehoben.\nKlicken, um die ausgewählte benutzerdefinierte Ansicht mit den Änderungen der aktuellen Ansicht zu aktualisieren"
    },
    "ApplyView": {
      "ShortHelp": "Benutzerdefinierte Ansicht gespeichert",
      "ViewSaved": "Die Änderungen wurden erfolgreich in der benutzerdefinierten Ansicht gespeichert.",
      "ConfirmationQuestion": "Möchten Sie diese Änderungen auf die aktuelle Ansicht anwenden?"
    },
    "ViewAlreadyExists": "Für den Namen ist bereits eine benutzerdefinierte Ansicht vorhanden ",
    "ApplyToCurrentView": "Änderungen auf aktuelle Ansicht anwenden",
    "Description": "Spalteneigenschaften der ausgewählten Ansicht ändern",
    "ColumnsName": "Spaltenname",
    "ColumnsVisibleFlag": "Sichtbarkeit",
    "ColumnsWidth": "Breite",
    "ColumnsPinnedState": "Angeheftet",
    "Unpinned": "Nicht fixieren",
    "LeftPinned": "Links",
    "RightPinned": "Rechts",
    "GroupingPlaceholder": "Hierher ziehen, um Zeilengruppen festzulegen",
    "ResetPreferences": "Auf Standard zurücksetzen",
    "SaveAndApply": "Speichern und anwenden",
    "Apply": "Übernehmen",
    "SortByTitle": "Sortieren nach",
    "SortByComboxBoxFirstLine": "Keine",
    "LayoutDensity": "Dichte",
    "Compact": "Kompakt",
    "Comfortable": "Komfortabel"
  },
  "ModelMassUpdate": {
    "Title": "Massenaktualisierung",
    "Description": "Wählen Sie die Attribute für die Aktualisierung aus ",
    "ApplyToSelected": "Ausgewählte Elemente",
    "ApplyToAll": "Alle Elemente"
  },
  "PrintableView": "Druckbare Ansicht",
  "Level": "Ebene",
  "OpenCtxMenu": "Kontextmenü öffnen",
  "Menu": "Menü",
  "Expand": "Einblenden",
  "Collapse": "Ausblenden",
  "ExpandAll": "Alle einblenden",
  "CollapseAll": "Alle ausblenden",
  "Loading": "Wird geladen"
}
