{
  "ClipboardError": "Error del portapapeles",
  "ClipboardActionKoMultipleSelection": "Esta acción no funcionará en una selección múltiple",
  "InconsistentNbColumnsPerRowsInClipboard": "Los datos del portapapeles deben tener el mismo número de columnas por filas",
  "NbColumnsOfClipboardNotEqualToNbVisibleColumns": "Los datos del portapapeles deben tener el mismo número de columnas que los nodos seleccionados",
  "GroupingUIPlaceholder": "Arrastre aquí para definir grupos de filas",
  "GeneratingPrintableView": "Generando vista imprimible...",
  "UpdatingGrouping": "Actualizando agrupación...",
  "ContextualMenuBuilder": {
    "FilterColumn": "Filtrar columna",
    "MaxFilterColumn": "Se ha alcanzado el número máximo de filtros",
    "ResetColumnFilter": "Restablecer filtro de columna",
    "PinMenu": "Anclar columna",
    "PinLeft": "Anclar a la izquierda",
    "PinRight": "Anclar a la derecha",
    "NoPin": "Sin anclar",
    "SizeToFit": "Tamaño de columna que desea ajustar",
    "SizeGroupToFit": "Ajustar el tamaño de las columnas del grupo",
    "SizeAllToFit": "Tamaño de todas las columnas que desea ajustar",
    "InsertRowBefore": "Insertar fila antes",
    "InsertRowAfter": "Insertar fila después",
    "CustomViews": "Personalizar vistas..."
  },
  "NoObjectsFound": "No se ha encontrado ningún objeto",
  "FilterView": {
    "FilterByValues": "Filtrar por valores",
    "FilterByConditions": "Filtrar por condiciones",
    "Reset": "Restablecer",
    "OK": "Aceptar",
    "Cancel": "Cancelar",
    "SelectAll": "Seleccionar todo",
    "FilterValues": "Filtrar valores",
    "ModifyFilter": "Modificar filtro",
    "AttributeValuePlaceHolder": "Escriba el texto que desea buscar",
    "Blank": "Vacío",
    "true": "verdadero",
    "false": "falso",
    "left": "izquierda",
    "right": "derecha",
    "pinned": "anclado",
    "unpinned": "desanclado"
  },
  "FilterView_Condition_All": "Filtrar <span id=\"conditionToggle\">Todos</span> los elementos siguientes:",
  "FilterView_Condition_Any": "Filtrar <span id=\"conditionToggle\">Cualquiera</span> de los elementos siguientes:",
  "FilterView_String_Contains": "Contiene",
  "FilterView_String_DoesNotContain": "No contiene",
  "FilterView_String_Equals": "Igual a",
  "FilterView_String_DoesNotEqual": "No es igual a",
  "FilterView_String_StartsWith": "Empieza por",
  "FilterView_String_EndsWith": "Acaba en",
  "FilterView_String_Empty": "Está vacío",
  "FilterView_String_NotEmpty": "No está vacío",
  "FilterView_Number_Range": "Intervalo",
  "FilterView_Number_Range_From": "De",
  "FilterView_Number_Range_To": "Hasta",
  "FilterView_Number_Equals": "Igual a",
  "FilterView_Number_DoesNotEqual": "No es igual a",
  "FilterView_Number_LessThan": "Menor que",
  "FilterView_Number_LessThanOrEqual": "Menor o igual que",
  "FilterView_Number_GreaterThan": "Mayor que",
  "FilterView_Number_GreaterThanOrEqual": "Mayor o igual que",
  "FilterView_Number_Empty": "Está vacío",
  "FilterView_Number_NotEmpty": "No está vacío",
  "FilterView_Date_Range": "Entre",
  "FilterView_Date_LessThan": "Es anterior",
  "FilterView_Date_LessThanOrEqual": "Es inferior o igual a",
  "FilterView_Date_GreaterThan": "Es posterior a",
  "FilterView_Date_GreaterThanOrEqual": "Es posterior o igual a",
  "DefaultView": "Vista predeterminada",
  "CustomViewDefaultName": "Vista personalizada",
  "DataGridViewCustomViewsDialog": {
    "Title": "Vistas personalizadas",
    "SelectedView": "Vista",
    "RenameViewEditor": {
      "placeHolder": "Introducir un nombre de vista"
    },
    "RenameView": {
      "ShortHelp": "Cambiar nombre de vista",
      "LongHelp": "Haga clic para cambiar el nombre de la vista personalizada seleccionada"
    },
    "DeleteView": {
      "ShortHelp": "Eliminar vista",
      "LongHelp": "Haga clic aquí para eliminar la vista personalizada seleccionada",
      "ConfirmationQuestion": "¿Seguro que desea eliminar la vista personalizada?"
    },
    "CreateView": {
      "ShortHelp": "Crear nueva vista",
      "LongHelp": "Haga clic para crear una nueva vista personalizada"
    },
    "UpdateFromCurrentView": {
      "Label": "Actualizar a partir de la vista actual",
      "ShortHelp": "Actualizar la vista personalizada seleccionada a partir de la vista actual",
      "LongHelp": "La vista personalizada seleccionada no incluye algunos de los cambios realizados en la vista actual.\nLas diferencias están marcadas en naranja.\nHaga clic para actualizar la vista personalizada seleccionada a partir de los cambios de vista actuales"
    },
    "ApplyView": {
      "ShortHelp": "Vista personalizada guardada",
      "ViewSaved": "Los cambios de la vista personalizada se han guardado correctamente",
      "ConfirmationQuestion": "¿Desea aplicar los cambios a la vista actual?"
    },
    "ViewAlreadyExists": "Ya existe una vista personalizada para el nombre ",
    "ApplyToCurrentView": "Aplicar los cambios a la vista actual",
    "Description": "Cambiar las propiedades de columnas de la vista seleccionada",
    "ColumnsName": "Nombre de columna",
    "ColumnsVisibleFlag": "Visibilidad",
    "ColumnsWidth": "Anchura",
    "ColumnsPinnedState": "Anclado",
    "Unpinned": "Sin anclar",
    "LeftPinned": "Izquierda",
    "RightPinned": "Derecha",
    "GroupingPlaceholder": "Arrastre aquí para definir grupos de filas",
    "ResetPreferences": "Restablecer a valores predeterminados",
    "SaveAndApply": "Guardar y aplicar",
    "Apply": "Aplicar",
    "SortByTitle": "Ordenar por",
    "SortByComboxBoxFirstLine": "Ninguno",
    "LayoutDensity": "Densidad",
    "Compact": "Compacto",
    "Comfortable": "Cómodo"
  },
  "ModelMassUpdate": {
    "Title": "Actualización masiva",
    "Description": "Seleccionar los atributos que desea actualizar en ",
    "ApplyToSelected": "Elementos seleccionados",
    "ApplyToAll": "Todos los elementos"
  },
  "PrintableView": "Vista imprimible",
  "Level": "Nivel",
  "OpenCtxMenu": "Abrir menú contextual",
  "Menu": "Menú",
  "Expand": "Expandir",
  "Collapse": "Contraer",
  "ExpandAll": "Expandir todo",
  "CollapseAll": "Contraer todo",
  "Loading": "Cargando"
}
