{
  "ClipboardError": "剪貼簿錯誤",
  "ClipboardActionKoMultipleSelection": "此動作不適用於多重選擇項目",
  "InconsistentNbColumnsPerRowsInClipboard": "剪貼簿資料每列的欄數必須相同",
  "NbColumnsOfClipboardNotEqualToNbVisibleColumns": "剪貼簿資料的欄數必須與所選節點相同",
  "GroupingUIPlaceholder": "拖曳至此以設定列群組",
  "GeneratingPrintableView": "正在產生可列印的視圖...",
  "UpdatingGrouping": "正在更新分組...",
  "ContextualMenuBuilder": {
    "FilterColumn": "過濾器欄",
    "MaxFilterColumn": "已達到過濾器數量上限",
    "ResetColumnFilter": "重設欄過濾器",
    "PinMenu": "釘選欄",
    "PinLeft": "釘選至左側",
    "PinRight": "釘選至右側",
    "NoPin": "無釘選",
    "SizeToFit": "將欄調整至適當大小",
    "SizeGroupToFit": "將群組的欄調整至適當大小",
    "SizeAllToFit": "將全部欄調整至適當大小",
    "InsertRowBefore": "插入前方列",
    "InsertRowAfter": "插入後方列",
    "CustomViews": "自訂視圖..."
  },
  "NoObjectsFound": "找不到物件",
  "FilterView": {
    "FilterByValues": "依值篩選",
    "FilterByConditions": "依條件篩選",
    "Reset": "重設",
    "OK": "確定",
    "Cancel": "取消",
    "SelectAll": "選擇全部",
    "FilterValues": "篩選值",
    "ModifyFilter": "修改濾器",
    "AttributeValuePlaceHolder": "輸入文字以搜尋",
    "Blank": "空白",
    "true": "真",
    "false": "假",
    "left": "左",
    "right": "右",
    "pinned": "已釘選",
    "unpinned": "取消釘選"
  },
  "FilterView_Condition_All": "篩選下列<span id=\"conditionToggle\">所有</span>項目：",
  "FilterView_Condition_Any": "篩選下列<span id=\"conditionToggle\">任一</span>項目：",
  "FilterView_String_Contains": "包含",
  "FilterView_String_DoesNotContain": "不包含",
  "FilterView_String_Equals": "等於",
  "FilterView_String_DoesNotEqual": "不等於",
  "FilterView_String_StartsWith": "開頭為",
  "FilterView_String_EndsWith": "結尾為",
  "FilterView_String_Empty": "是空的",
  "FilterView_String_NotEmpty": "不是空的",
  "FilterView_Number_Range": "範圍",
  "FilterView_Number_Range_From": "來源",
  "FilterView_Number_Range_To": "到",
  "FilterView_Number_Equals": "等於",
  "FilterView_Number_DoesNotEqual": "不等於",
  "FilterView_Number_LessThan": "小於",
  "FilterView_Number_LessThanOrEqual": "小於或等於",
  "FilterView_Number_GreaterThan": "大於",
  "FilterView_Number_GreaterThanOrEqual": "大於或等於",
  "FilterView_Number_Empty": "是空的",
  "FilterView_Number_NotEmpty": "不是空的",
  "FilterView_Date_Range": "介於",
  "FilterView_Date_LessThan": "早於",
  "FilterView_Date_LessThanOrEqual": "早於或等於",
  "FilterView_Date_GreaterThan": "晚於",
  "FilterView_Date_GreaterThanOrEqual": "晚於或等於",
  "DefaultView": "預設視圖",
  "CustomViewDefaultName": "自訂視圖",
  "DataGridViewCustomViewsDialog": {
    "Title": "自訂視圖",
    "SelectedView": "視圖",
    "RenameViewEditor": {
      "placeHolder": "輸入視圖名稱"
    },
    "RenameView": {
      "ShortHelp": "重新命名視圖",
      "LongHelp": "按一下以重新命名所選自訂視圖"
    },
    "DeleteView": {
      "ShortHelp": "刪除視圖",
      "LongHelp": "按一下以刪除所選自訂視圖",
      "ConfirmationQuestion": "確定要刪除自訂視圖"
    },
    "CreateView": {
      "ShortHelp": "建立新視圖",
      "LongHelp": "按一下以建立新的自訂視圖"
    },
    "UpdateFromCurrentView": {
      "Label": "從目前的視圖更新",
      "ShortHelp": "從目前的視圖更新所選自訂視圖",
      "LongHelp": "所選自訂視圖未包含在目前視圖中所執行的部分變更。\n這些差異會以橘色標示。\n按一下以依據目前視圖變更更新所選自訂視圖"
    },
    "ApplyView": {
      "ShortHelp": "自訂視圖已儲存",
      "ViewSaved": "已成功儲存自訂視圖中的變更",
      "ConfirmationQuestion": "是否要將這些變更套用至目前的視圖？"
    },
    "ViewAlreadyExists": "已經存在該名稱的自訂視圖 ",
    "ApplyToCurrentView": "將變更套用至目前視圖",
    "Description": "變更所選視圖的欄屬性",
    "ColumnsName": "欄名稱",
    "ColumnsVisibleFlag": "顯示情形",
    "ColumnsWidth": "寬度",
    "ColumnsPinnedState": "已釘選",
    "Unpinned": "無釘選",
    "LeftPinned": "左",
    "RightPinned": "右",
    "GroupingPlaceholder": "拖曳至此以設定列群組",
    "ResetPreferences": "重設為預設",
    "SaveAndApply": "儲存並套用",
    "Apply": "套用",
    "SortByTitle": "排序方式",
    "SortByComboxBoxFirstLine": "無",
    "LayoutDensity": "密度",
    "Compact": "最小安裝",
    "Comfortable": "舒適"
  },
  "ModelMassUpdate": {
    "Title": "大量更新",
    "Description": "選擇您要更新的屬性 ",
    "ApplyToSelected": "所選項目",
    "ApplyToAll": "所有項目"
  },
  "PrintableView": "可列印的視圖",
  "Level": "層級",
  "OpenCtxMenu": "開啟關聯功能表",
  "Menu": "功能表",
  "Expand": "展開",
  "Collapse": "摺疊",
  "ExpandAll": "全部展開",
  "CollapseAll": "全部摺疊",
  "Loading": "正在載入"
}
