{
  "ClipboardError": "클립보드 오류",
  "ClipboardActionKoMultipleSelection": "이 작업은 다중 선택에 적용되지 않음",
  "InconsistentNbColumnsPerRowsInClipboard": "클립보드 데이터는 행당 동일한 수의 열을 가져야 함",
  "NbColumnsOfClipboardNotEqualToNbVisibleColumns": "클립보드 데이터는 선택된 노드와 동일한 수의 열을 가져야 함",
  "GroupingUIPlaceholder": "여기로 끌어서 행 그룹 설정",
  "GeneratingPrintableView": "인쇄 가능한 보기 생성 중...",
  "UpdatingGrouping": "그룹화 업데이트 중...",
  "ContextualMenuBuilder": {
    "FilterColumn": "열 필터링",
    "MaxFilterColumn": "최대 필터 수에 도달했습니다.",
    "ResetColumnFilter": "열 필터 재설정",
    "PinMenu": "열 고정",
    "PinLeft": "왼쪽에 고정",
    "PinRight": "오른쪽에 고정",
    "NoPin": "고정 없음",
    "SizeToFit": "크기에 맞게 열 조정",
    "SizeGroupToFit": "크기에 맞게 그룹의 열 크기 조정",
    "SizeAllToFit": "크기에 맞게 모든 열 조정",
    "InsertRowBefore": "앞에 행 삽입",
    "InsertRowAfter": "뒤에 행 삽입",
    "CustomViews": "사용자 정의 보기..."
  },
  "NoObjectsFound": "개체를 찾을 수 없음",
  "FilterView": {
    "FilterByValues": "값으로 필터링",
    "FilterByConditions": "조건으로 필터링",
    "Reset": "재설정",
    "OK": "확인",
    "Cancel": "취소",
    "SelectAll": "전체 선택",
    "FilterValues": "값 필터링",
    "ModifyFilter": "필터 수정",
    "AttributeValuePlaceHolder": "검색할 텍스트 입력",
    "Blank": "비어 있음",
    "true": "참",
    "false": "거짓",
    "left": "왼쪽",
    "right": "오른쪽",
    "pinned": "고정됨",
    "unpinned": "고정 해제됨"
  },
  "FilterView_Condition_All": "다음 항목을 <span id=\"conditionToggle\">모두</span> 필터링합니다.",
  "FilterView_Condition_Any": "다음 중 <span id=\"conditionToggle\">아무</span> 항목을 필터링합니다.",
  "FilterView_String_Contains": "포함",
  "FilterView_String_DoesNotContain": "포함하지 않음",
  "FilterView_String_Equals": "다음과 같음",
  "FilterView_String_DoesNotEqual": "다음과 같지 않음",
  "FilterView_String_StartsWith": "다음으로 시작",
  "FilterView_String_EndsWith": "다음으로 종료",
  "FilterView_String_Empty": "이(가) 비어 있습니다.",
  "FilterView_String_NotEmpty": "이(가) 비어 있지 않습니다.",
  "FilterView_Number_Range": "범위",
  "FilterView_Number_Range_From": "시작:",
  "FilterView_Number_Range_To": "종료:",
  "FilterView_Number_Equals": "다음과 같음",
  "FilterView_Number_DoesNotEqual": "다음과 같지 않음",
  "FilterView_Number_LessThan": "다음보다 작음",
  "FilterView_Number_LessThanOrEqual": "다음보다 작거나 같음",
  "FilterView_Number_GreaterThan": "다음보다 큼",
  "FilterView_Number_GreaterThanOrEqual": "다음보다 크거나 같음",
  "FilterView_Number_Empty": "이(가) 비어 있습니다.",
  "FilterView_Number_NotEmpty": "이(가) 비어 있지 않습니다.",
  "FilterView_Date_Range": "사이",
  "FilterView_Date_LessThan": "다음 이전",
  "FilterView_Date_LessThanOrEqual": "다음 이전이거나 같음",
  "FilterView_Date_GreaterThan": "다음 이후",
  "FilterView_Date_GreaterThanOrEqual": "다음 이후이거나 같음",
  "DefaultView": "기본 보기",
  "CustomViewDefaultName": "사용자 정의 보기",
  "DataGridViewCustomViewsDialog": {
    "Title": "사용자 정의 보기",
    "SelectedView": "보기",
    "RenameViewEditor": {
      "placeHolder": "보기 이름 입력"
    },
    "RenameView": {
      "ShortHelp": "보기 이름 바꾸기",
      "LongHelp": "클릭하여 선택된 사용자 정의 보기 이름 바꾸기"
    },
    "DeleteView": {
      "ShortHelp": "보기 삭제",
      "LongHelp": "클릭하여 선택된 사용자 정의 보기 삭제",
      "ConfirmationQuestion": "이 사용자 정의 보기를 삭제하시겠습니까?"
    },
    "CreateView": {
      "ShortHelp": "새 보기 생성",
      "LongHelp": "클릭하여 새 사용자 정의 보기 생성"
    },
    "UpdateFromCurrentView": {
      "Label": "현재 보기에서 업데이트",
      "ShortHelp": "현재 보기에서 선택된 사용자 정의 보기 업데이트",
      "LongHelp": "선택된 사용자 정의 보기에 현재 보기의 일부 변경 내용이 없습니다.\n이러한 차이는 오렌지색으로 표시됩니다.\n현재 보기 변경에서 선택된 사용자 정의 보기를 업데이트하려면 클릭합니다."
    },
    "ApplyView": {
      "ShortHelp": "사용자 정의 보기 저장됨",
      "ViewSaved": "변경 사항이 사용자 정의 보기에 저장되었습니다.",
      "ConfirmationQuestion": "이러한 변경 사항을 현재 보기에 적용하시겠습니까?"
    },
    "ViewAlreadyExists": "이름에 대한 사용자 정의 보기가 이미 있습니다. ",
    "ApplyToCurrentView": "현재 보기에 변경 사항 적용",
    "Description": "선택된 보기의 열 속성 변경",
    "ColumnsName": "열 이름",
    "ColumnsVisibleFlag": "가시성",
    "ColumnsWidth": "너비",
    "ColumnsPinnedState": "고정됨",
    "Unpinned": "고정 없음",
    "LeftPinned": "왼쪽",
    "RightPinned": "오른쪽",
    "GroupingPlaceholder": "여기로 끌어서 행 그룹 설정",
    "ResetPreferences": "기본값으로 재설정",
    "SaveAndApply": "저장 및 적용",
    "Apply": "적용",
    "SortByTitle": "정렬 기준",
    "SortByComboxBoxFirstLine": "없음",
    "LayoutDensity": "밀도",
    "Compact": "소형",
    "Comfortable": "편안함"
  },
  "ModelMassUpdate": {
    "Title": "대규모 업데이트",
    "Description": "업데이트할 속성을 선택합니다. ",
    "ApplyToSelected": "선택한 항목",
    "ApplyToAll": "모든 항목"
  },
  "PrintableView": "인쇄 가능한 보기",
  "Level": "수준",
  "OpenCtxMenu": "컨텍스트 메뉴 열기",
  "Menu": "메뉴",
  "Expand": "확장",
  "Collapse": "축소",
  "ExpandAll": "모두 확장",
  "CollapseAll": "모두 축소",
  "Loading": "로드 중"
}
