{
  "ClipboardError": "Errore Appunti",
  "ClipboardActionKoMultipleSelection": "Questa operazione non funziona su selezioni multiple",
  "InconsistentNbColumnsPerRowsInClipboard": "I dati degli Appunti devono avere lo stesso numero di colonne per riga",
  "NbColumnsOfClipboardNotEqualToNbVisibleColumns": "I dati degli Appunti devono avere lo stesso numero di colonne dei nodi selezionati",
  "GroupingUIPlaceholder": "Trascina qui per impostare i gruppi di righe",
  "GeneratingPrintableView": "Generazione vista stampabile in corso...",
  "UpdatingGrouping": "Aggiornamento raggruppamento...",
  "ContextualMenuBuilder": {
    "FilterColumn": "Colonna filtro",
    "MaxFilterColumn": "È stato raggiunto il numero massimo di filtri",
    "ResetColumnFilter": "Reimposta filtro colonna",
    "PinMenu": "Fissa colonna",
    "PinLeft": "Blocca a sinistra",
    "PinRight": "Blocca a destra",
    "NoPin": "Nessun elemento fissato",
    "SizeToFit": "Adatta colonna",
    "SizeGroupToFit": "Dimensiona colonne gruppo da adattare",
    "SizeAllToFit": "Adatta tutte le colonne",
    "InsertRowBefore": "Inserisci riga prima",
    "InsertRowAfter": "Inserisci riga dopo",
    "CustomViews": "Viste personalizzate..."
  },
  "NoObjectsFound": "Nessun oggetto trovato",
  "FilterView": {
    "FilterByValues": "Filtra per valori",
    "FilterByConditions": "Filtra per condizioni",
    "Reset": "Reimposta",
    "OK": "OK",
    "Cancel": "Annulla",
    "SelectAll": "Seleziona tutto",
    "FilterValues": "Valori filtro",
    "ModifyFilter": "Modifica filtro",
    "AttributeValuePlaceHolder": "Digitare il testo da cercare",
    "Blank": "Vuoto",
    "true": "vero",
    "false": "falso",
    "left": "sinistra",
    "right": "destra",
    "pinned": "elemento fissato",
    "unpinned": "elemento non fissato"
  },
  "FilterView_Condition_All": "Filtra <span id=\"conditionToggle\">tutti</span> i seguenti elementi:",
  "FilterView_Condition_Any": "Filtra <span id=\"conditionToggle\">uno</span> dei seguenti elementi:",
  "FilterView_String_Contains": "Contiene",
  "FilterView_String_DoesNotContain": "Non contiene",
  "FilterView_String_Equals": "Uguale a",
  "FilterView_String_DoesNotEqual": "Non è uguale a",
  "FilterView_String_StartsWith": "Inizia con",
  "FilterView_String_EndsWith": "Termina con",
  "FilterView_String_Empty": "È vuoto",
  "FilterView_String_NotEmpty": "Non è vuoto",
  "FilterView_Number_Range": "Intervallo",
  "FilterView_Number_Range_From": "Da",
  "FilterView_Number_Range_To": "A",
  "FilterView_Number_Equals": "Uguale a",
  "FilterView_Number_DoesNotEqual": "Non è uguale a",
  "FilterView_Number_LessThan": "Minore di",
  "FilterView_Number_LessThanOrEqual": "Inferiore o uguale a",
  "FilterView_Number_GreaterThan": "Maggiore di",
  "FilterView_Number_GreaterThanOrEqual": "Maggiore o uguale a",
  "FilterView_Number_Empty": "È vuoto",
  "FilterView_Number_NotEmpty": "Non è vuoto",
  "FilterView_Date_Range": "Tra",
  "FilterView_Date_LessThan": "È prima",
  "FilterView_Date_LessThanOrEqual": "È prima o uguale a",
  "FilterView_Date_GreaterThan": "È dopo",
  "FilterView_Date_GreaterThanOrEqual": "È dopo o uguale a",
  "DefaultView": "Vista predefinita",
  "CustomViewDefaultName": "Vista personalizzata",
  "DataGridViewCustomViewsDialog": {
    "Title": "Viste personalizzate",
    "SelectedView": "Vista",
    "RenameViewEditor": {
      "placeHolder": "Immettere il nome di una vista"
    },
    "RenameView": {
      "ShortHelp": "Rinomina vista",
      "LongHelp": "Fare clic per rinominare la vista personalizzata selezionata"
    },
    "DeleteView": {
      "ShortHelp": "Elimina vista",
      "LongHelp": "Fare clic per eliminare la vista personalizzata selezionata",
      "ConfirmationQuestion": "Eliminare la vista personalizzata?"
    },
    "CreateView": {
      "ShortHelp": "Crea nuova vista",
      "LongHelp": "Fare clic per creare una nuova vista personalizzata"
    },
    "UpdateFromCurrentView": {
      "Label": "Aggiorna da vista corrente",
      "ShortHelp": "Aggiorna vista personalizzata selezionata da vista corrente",
      "LongHelp": "La vista personalizzata selezionata non contiene alcune modifiche apportate alla vista corrente.\nQueste differenze sono contrassegnate in arancione.\nFare clic per aggiornare la vista personalizzata selezionata dalle modifiche della vista corrente"
    },
    "ApplyView": {
      "ShortHelp": "Vista personalizzata salvata",
      "ViewSaved": "Le modifiche sono state salvate nella vista personalizzata",
      "ConfirmationQuestion": "Applicare queste modifiche alla vista corrente?"
    },
    "ViewAlreadyExists": "Esiste già una vista personalizzata per il nome ",
    "ApplyToCurrentView": "Applica modifiche alla vista corrente",
    "Description": "Modifica proprietà colonne della vista selezionata",
    "ColumnsName": "Nome colonna",
    "ColumnsVisibleFlag": "Visibilità",
    "ColumnsWidth": "Larghezza",
    "ColumnsPinnedState": "Elemento fissato",
    "Unpinned": "Nessun elemento fissato",
    "LeftPinned": "Sinistra",
    "RightPinned": "Destra",
    "GroupingPlaceholder": "Trascina qui per impostare i gruppi di righe",
    "ResetPreferences": "Ripristina predefiniti",
    "SaveAndApply": "Salva e Applica",
    "Apply": "Applica",
    "SortByTitle": "Ordina per",
    "SortByComboxBoxFirstLine": "Nessuno",
    "LayoutDensity": "Densità",
    "Compact": "Compatto",
    "Comfortable": "Pratico"
  },
  "ModelMassUpdate": {
    "Title": "Aggiornamento collettivo",
    "Description": "Scegliere gli attributi da aggiornare in ",
    "ApplyToSelected": "Elementi selezionati",
    "ApplyToAll": "Tutti gli elementi"
  },
  "PrintableView": "Vista stampabile",
  "Level": "Livello",
  "OpenCtxMenu": "Apri menu contestuale",
  "Menu": "Menu",
  "Expand": "Espandi",
  "Collapse": "Comprimi",
  "ExpandAll": "Espandi tutto",
  "CollapseAll": "Comprimi tutto",
  "Loading": "Caricamento"
}
