{
  "ClipboardError": "Ошибка буфера обмена",
  "ClipboardActionKoMultipleSelection": "Это действие не работает с множественным выбором",
  "InconsistentNbColumnsPerRowsInClipboard": "Данные буфера обмена должны иметь одинаковое количество столбцов в строках",
  "NbColumnsOfClipboardNotEqualToNbVisibleColumns": "Данные буфера обмена должны иметь одинаковое количество столбцов, в отличие от выбранных узлов",
  "GroupingUIPlaceholder": "Перетащите сюда, чтобы задать группы строк",
  "GeneratingPrintableView": "Создание вида для печати...",
  "UpdatingGrouping": "Обновление группировки...",
  "ContextualMenuBuilder": {
    "FilterColumn": "Столбец фильтра",
    "MaxFilterColumn": "Достигнуто максимальное число фильтров.",
    "ResetColumnFilter": "Сбросить фильтр столбцов",
    "PinMenu": "Закрепить столбец",
    "PinLeft": "Закрепить слева",
    "PinRight": "Закрепить справа",
    "NoPin": "Не закреплять",
    "SizeToFit": "Столбец по размеру содержимого",
    "SizeGroupToFit": "Столбцы группы по размеру содержимого",
    "SizeAllToFit": "Все столбцы по размеру содержимого",
    "InsertRowBefore": "Вставить строку перед",
    "InsertRowAfter": "Вставить строку после",
    "CustomViews": "Пользовательские виды..."
  },
  "NoObjectsFound": "Объекты не найдены",
  "FilterView": {
    "FilterByValues": "Фильтровать по значениям",
    "FilterByConditions": "Фильтровать по условиям",
    "Reset": "Сброс",
    "OK": "OK",
    "Cancel": "Отмена",
    "SelectAll": "Выбрать все",
    "FilterValues": "Фильтровать значения",
    "ModifyFilter": "Изменить фильтр",
    "AttributeValuePlaceHolder": "Введите текст для поиска",
    "Blank": "Пусто",
    "true": "true",
    "false": "false",
    "left": "слева",
    "right": "справа",
    "pinned": "закреплено",
    "unpinned": "откреплено"
  },
  "FilterView_Condition_All": "Отфильтровать <span id=\"conditionToggle\">Все</span> следующие варианты:",
  "FilterView_Condition_Any": "Отфильтровать <span id=\"conditionToggle\">Любой</span> из следующих вариантов:",
  "FilterView_String_Contains": "Содержит",
  "FilterView_String_DoesNotContain": "Не содержит",
  "FilterView_String_Equals": "Равно",
  "FilterView_String_DoesNotEqual": "Не равно",
  "FilterView_String_StartsWith": "Начинается с",
  "FilterView_String_EndsWith": "Оканчивается на",
  "FilterView_String_Empty": "Является пустым",
  "FilterView_String_NotEmpty": "Не является пустым",
  "FilterView_Number_Range": "Диапазон",
  "FilterView_Number_Range_From": "С",
  "FilterView_Number_Range_To": "До",
  "FilterView_Number_Equals": "Равно",
  "FilterView_Number_DoesNotEqual": "Не равно",
  "FilterView_Number_LessThan": "Меньше",
  "FilterView_Number_LessThanOrEqual": "Меньше или равно",
  "FilterView_Number_GreaterThan": "Больше",
  "FilterView_Number_GreaterThanOrEqual": "Больше или равно",
  "FilterView_Number_Empty": "Является пустым",
  "FilterView_Number_NotEmpty": "Не является пустым",
  "FilterView_Date_Range": "Между",
  "FilterView_Date_LessThan": "Меньше",
  "FilterView_Date_LessThanOrEqual": "Меньше или равно",
  "FilterView_Date_GreaterThan": "Больше",
  "FilterView_Date_GreaterThanOrEqual": "Больше или равно",
  "DefaultView": "Вид по умолчанию",
  "CustomViewDefaultName": "Пользовательский вид",
  "DataGridViewCustomViewsDialog": {
    "Title": "Пользовательские виды",
    "SelectedView": "Вид",
    "RenameViewEditor": {
      "placeHolder": "Введите имя вида"
    },
    "RenameView": {
      "ShortHelp": "Переименовать вид",
      "LongHelp": "Нажмите, чтобы переименовать выбранный пользовательский вид"
    },
    "DeleteView": {
      "ShortHelp": "Удалить вид",
      "LongHelp": "Нажмите, чтобы удалить выбранный пользовательский вид",
      "ConfirmationQuestion": "Действительно удалить пользовательский вид"
    },
    "CreateView": {
      "ShortHelp": "Создать новый вид",
      "LongHelp": "Нажмите, чтобы создать новый пользовательский вид"
    },
    "UpdateFromCurrentView": {
      "Label": "Обновить из текущего вида",
      "ShortHelp": "Обновить выбранный пользовательский вид из текущего вида",
      "LongHelp": "Выбранный пользовательский вид не содержит некоторых изменений, внесенных в текущем виде.\nЭти различия выделены оранжевым цветом.\nНажмите, чтобы обновить выбранный пользовательский вид с учетом изменений текущего вида"
    },
    "ApplyView": {
      "ShortHelp": "Пользовательский вид сохранен",
      "ViewSaved": "Изменения в пользовательском виде сохранены",
      "ConfirmationQuestion": "Применить данные изменения к текущему виду?"
    },
    "ViewAlreadyExists": "Пользовательский вид для имени уже существует ",
    "ApplyToCurrentView": "Применить изменения к текущему виду",
    "Description": "Изменить свойства столбцов выбранного вида",
    "ColumnsName": "Имя столбца",
    "ColumnsVisibleFlag": "Видимость",
    "ColumnsWidth": "Ширина",
    "ColumnsPinnedState": "Закреплен",
    "Unpinned": "Не закреплять",
    "LeftPinned": "Слева",
    "RightPinned": "Справа",
    "GroupingPlaceholder": "Перетащите сюда, чтобы задать группы строк",
    "ResetPreferences": "Восстановить значение по умолчанию",
    "SaveAndApply": "Сохранить и применить",
    "Apply": "Применить",
    "SortByTitle": "Сортировка по",
    "SortByComboxBoxFirstLine": "Нет",
    "LayoutDensity": "Плотность",
    "Compact": "Компактный",
    "Comfortable": "Удобный"
  },
  "ModelMassUpdate": {
    "Title": "Массовое обновление",
    "Description": "Выберите атрибуты, которые требуется обновить ",
    "ApplyToSelected": "Выбранные элементы",
    "ApplyToAll": "Все элементы"
  },
  "PrintableView": "Вид для печати",
  "Level": "Уровень",
  "OpenCtxMenu": "Открыть контекстное меню",
  "Menu": "Меню",
  "Expand": "Развернуть",
  "Collapse": "Свернуть",
  "ExpandAll": "Развернуть все",
  "CollapseAll": "Свернуть все",
  "Loading": "Загрузка"
}
