{
  "ClipboardError": "Erreur de presse-papiers",
  "ClipboardActionKoMultipleSelection": "Cette action ne fonctionnera pas sur une sélection multiple",
  "InconsistentNbColumnsPerRowsInClipboard": "Les données du presse-papiers doivent avoir le même nombre de colonnes par ligne",
  "NbColumnsOfClipboardNotEqualToNbVisibleColumns": "Les données du presse-papiers doivent avoir le même nombre de colonnes que les nœuds sélectionnés",
  "GroupingUIPlaceholder": "Faire glisser ici pour définir des groupes de lignes",
  "GeneratingPrintableView": "Génération de la vue imprimable...",
  "UpdatingGrouping": "Mise à jour du groupe...",
  "ContextualMenuBuilder": {
    "FilterColumn": "Filtrer la colonne",
    "MaxFilterColumn": "Le nombre maximal de filtres est atteint",
    "ResetColumnFilter": "Réinitialiser l'affichage colonnes",
    "PinMenu": "Ancrer la colonne",
    "PinLeft": "Epingler à gauche",
    "PinRight": "Epingler à droite",
    "NoPin": "Pas d'ancrage",
    "SizeToFit": "Adapter la taille de la colonne",
    "SizeGroupToFit": "Adapter la taille des colonnes du groupe",
    "SizeAllToFit": "Adapter la taille de toutes les colonnes",
    "InsertRowBefore": "Insérer une ligne avant",
    "InsertRowAfter": "Insérer une ligne après",
    "CustomViews": "Vues personnalisées..."
  },
  "NoObjectsFound": "Aucun objet trouvé",
  "FilterView": {
    "FilterByValues": "Filtrer par valeur",
    "FilterByConditions": "Filtrer par condition",
    "Reset": "Réinitialiser",
    "OK": "OK",
    "Cancel": "Annuler",
    "SelectAll": "Tout sélectionner",
    "FilterValues": "Filtrer les valeurs",
    "ModifyFilter": "Modifier un filtre",
    "AttributeValuePlaceHolder": "Saisissez le texte à rechercher",
    "Blank": "Vide",
    "true": "vrai",
    "false": "faux",
    "left": "gauche",
    "right": "droit",
    "pinned": "attaché",
    "unpinned": "détaché"
  },
  "FilterView_Condition_All": "Filtrer <span id=\"conditionToggle\">tous</span> les éléments suivants :",
  "FilterView_Condition_Any": "Filtrer <span id=\"conditionToggle\">l'un des</span> éléments suivants :",
  "FilterView_String_Contains": "Contient",
  "FilterView_String_DoesNotContain": "Ne contient pas",
  "FilterView_String_Equals": "Est égal à",
  "FilterView_String_DoesNotEqual": "Est différent de",
  "FilterView_String_StartsWith": "Commence par",
  "FilterView_String_EndsWith": "Se termine par",
  "FilterView_String_Empty": "Est vide",
  "FilterView_String_NotEmpty": "N'est pas vide",
  "FilterView_Number_Range": "Plage",
  "FilterView_Number_Range_From": "De",
  "FilterView_Number_Range_To": "A",
  "FilterView_Number_Equals": "Est égal à",
  "FilterView_Number_DoesNotEqual": "Est différent de",
  "FilterView_Number_LessThan": "Inférieur à",
  "FilterView_Number_LessThanOrEqual": "Inférieur ou égal à",
  "FilterView_Number_GreaterThan": "Supérieur à",
  "FilterView_Number_GreaterThanOrEqual": "Est supérieur ou égal à",
  "FilterView_Number_Empty": "Est vide",
  "FilterView_Number_NotEmpty": "N'est pas vide",
  "FilterView_Date_Range": "Entre",
  "FilterView_Date_LessThan": "Est antérieur à",
  "FilterView_Date_LessThanOrEqual": "Est antérieur ou égal à",
  "FilterView_Date_GreaterThan": "Est ultérieur",
  "FilterView_Date_GreaterThanOrEqual": "Est ultérieur ou égal à",
  "DefaultView": "Vue par défaut",
  "CustomViewDefaultName": "Vue personnalisée",
  "DataGridViewCustomViewsDialog": {
    "Title": "Vues personnalisées",
    "SelectedView": "Vue",
    "RenameViewEditor": {
      "placeHolder": "Entrer un nom de vue"
    },
    "RenameView": {
      "ShortHelp": "Renommer la vue",
      "LongHelp": "Cliquez pour renommer la vue personnalisée sélectionnée"
    },
    "DeleteView": {
      "ShortHelp": "Supprimer la vue",
      "LongHelp": "Cliquez pour supprimer la vue personnalisée sélectionnée",
      "ConfirmationQuestion": "Etes-vous sûr de vouloir supprimer la vue personnalisée ?"
    },
    "CreateView": {
      "ShortHelp": "Créer une nouvelle vue",
      "LongHelp": "Cliquez pour créer une nouvelle vue personnalisée"
    },
    "UpdateFromCurrentView": {
      "Label": "Mettre à jour à partir de la vue actuelle",
      "ShortHelp": "Mettre à jour la vue personnalisée sélectionnée à partir de la vue actuelle",
      "LongHelp": "La vue personnalisée sélectionnée ne contient pas certaines des modifications apportées à la vue actuelle.\nCes différences sont signalées en orange.\nCliquez pour mettre à jour la vue personnalisée à partir des modifications de la vue actuelle"
    },
    "ApplyView": {
      "ShortHelp": "Vue personnalisée enregistrée",
      "ViewSaved": "Les modifications ont été enregistrées dans la vue personnalisée",
      "ConfirmationQuestion": "Voulez-vous appliquer ces modifications à la vue actuelle ?"
    },
    "ViewAlreadyExists": "Une vue personnalisée existe déjà pour ce nom ",
    "ApplyToCurrentView": "Appliquer les modifications à la vue actuelle",
    "Description": "Modifier les propriétés des colonnes de la vue sélectionnée",
    "ColumnsName": "Nom de la colonne",
    "ColumnsVisibleFlag": "Visibilité",
    "ColumnsWidth": "Largeur",
    "ColumnsPinnedState": "Attaché",
    "Unpinned": "Pas d'ancrage",
    "LeftPinned": "Gauche",
    "RightPinned": "Droite",
    "GroupingPlaceholder": "Faire glisser ici pour définir des groupes de lignes",
    "ResetPreferences": "Rétablir la valeur par défaut",
    "SaveAndApply": "Enregistrer et appliquer",
    "Apply": "Appliquer",
    "SortByTitle": "Trier par",
    "SortByComboxBoxFirstLine": "Aucun",
    "LayoutDensity": "Densité",
    "Compact": "Compact",
    "Comfortable": "Confortable"
  },
  "ModelMassUpdate": {
    "Title": "Mise à jour de masse",
    "Description": "Sélectionner les attributs à mettre à jour sur ",
    "ApplyToSelected": "Eléments sélectionnés",
    "ApplyToAll": "Tous les éléments"
  },
  "PrintableView": "Vue imprimable",
  "Level": "Niveau",
  "OpenCtxMenu": "Ouvrir le menu contextuel",
  "Menu": "Menu",
  "Expand": "Développer",
  "Collapse": "Réduire",
  "ExpandAll": "Développer tout",
  "CollapseAll": "Réduire tout",
  "Loading": "Chargement"
}
