{
  "Classes": [
    {
      "99-Air-Ends": {
        "Attributes": [
          {
            "ELGI_CA_PhaseVariant": {
										"IsRange" :  "True",
										"Range"   : ["Unassigned", "3 PHASE"],
										"Default" : "Unassigned"
									},
            "ELGI_CA_ProductSegment": {
										"IsRange" :  "True",
										"Range"   : ["Unassigned", "CENTRIFUGAL"],
										"Default" : "Unassigned"
									 },
			"ELGI_CA_Country"		: {
										"IsRange" :  "True",
										"Range"   : ["Unassigned","INDIA","NSDINDIA","NSDUSA","NSDSAUDI","NSDBRAZIL","NSDCHINA"],
										"Default" : "Unassigned",	
										"onChange" : "loadCountry"
									},
			"ELGI_CA_VoltageVariant": {
										"IsRange" :  "True",
										"Range"   : ["Unassigned"],
										"Default" : "Unassigned"
									 },
			"ELGI_CA_ProductSeries": {
										"IsRange" :  "True",
										"Range"   : ["Unassigned","NORMAL PRESSURE","LOW PRESSURE","THREE STAGE","TWO STAGE"],
										"Default" : "Unassigned",
										"onChange" : "loadProductSeries"
									 }, 
			"ELGI_CA_CoolingType": {
										"IsRange" :  "True",
										"Range"   : ["Unassigned","WATER COOLED"],
										"Default" : "Unassigned"
									 }, 
			"ELGI_CA_ModelVariant": {
										"IsRange" :  "True",
										"Range"   : ["Unassigned","CG 5000"],
										"Default" : "Unassigned"
									 }, 
			"ELGI_CA_PressureVariant": {
										"IsRange" :  "True",
										"Range"   : ["Unassigned","3 bar.g","3.2 bar.g","3.5 barg.g","3.8 bar.g","4 bar.g","6 bar.g","7 bar.g","7.5 bar.g","8 bar.g","9 bar.g"],
										"Default" : "Unassigned"
									 },
			"ELGI_CA_FeatureVariant": {
										"IsRange" :  "True",
										"Range"   : ["Unassigned","STD VERSION"],
										"Default" : "Unassigned"
									 }
          }
        ],
		"onChange":{
			"loadProductSeries" : {
				"NORMAL PRESSURE" : {
					"ELGI_CA_FeatureVariant" : ["Unassigned", "STD VERSION", "STD + VFD", "STD + DRYER", "STD + 20% VFD", "STD + VFD + DRYER", "STD + HRS", "STD + VFD + HRS"]
				},
				"LOW PRESSURE" : {
					"ELGI_CA_FeatureVariant" : ["Unassigned", "STD VERSION", "STD + VFD", "STD + DRYER", "STD + 20% VFD", "STD + VFD + DRYER", "STD + HRS", "STD + VFD + HRS"]
				},
				"Other" : {
					"ELGI_CA_FeatureVariant" : ["Unassigned","STD VERSION"]
				}
				
			},
			"loadCountry" : {
				"INDIA" : {
					"ELGI_CA_VoltageVariant" : ["Unassigned","3.3kV/50Hz","6.6kV/50Hz","11kV/50Hz"]
				},
				"NSDINDIA" : {
					"ELGI_CA_VoltageVariant" : ["Unassigned","3.3kV/50Hz","6.6kV/50Hz","11kV/50Hz"]
				},
				"NSDUSA" : {
					"ELGI_CA_VoltageVariant" : ["Unassigned","208-230V/60Hz","460V/60Hz","208-230/460V/60Hz","110-240V 50/60Hz","575V/60Hz","200V/60Hz","115V/60Hz","230V/60Hz"]
				},
				"NSDSAUDI" : {
					"ELGI_CA_VoltageVariant" : ["Unassigned","220V/60Hz","380V/60Hz","440V/60Hz","230V/60Hz","460V/60Hz"]
				},
				"NSDBRAZIL" : {
					"ELGI_CA_VoltageVariant" : ["Unassigned","220V/60Hz","380V/60Hz","440V/60Hz","230V/60Hz","460V/60Hz"]
				},
				"NSDCHINA" : {
					"ELGI_CA_VoltageVariant" : ["Unassigned","400V/50Hz","415V/50Hz","380V/50Hz","230V/50Hz","110V DC","5 - 32V DC","4.6 - 5.5 V DC"]
				},
				"Other" : {
					"ELGI_CA_FeatureVariant" : ["Unassigned"]
				}
				
			}
		}
      }
    }
  ]
}