{
  "Classes": [
    {
      "03-DieselPoweredScrewAirCompressor-DPSAC": {
        "Attributes": [
          {
            "ELGI_CA_ModelVariant": {
										"IsRange" :  "True",
										"Range"   : ["Unassigned"],
										"Default" : "Unassigned"
									},
            "ELGI_CA_ProductSegment": {
										"IsRange" :  "True",
										"Range"   : ["Unassigned", "DIESEL POWERED ROTARY SCREW"],
										"Default" : "Unassigned",
										"onChange": "loadProductSegment"
									 },
			"ELGI_CA_Country"		: {
										"IsRange" :  "True",
										"Range"   : ["Unassigned","INDIA","BRAZIL","NSDINDIA","NSDUSA","NSDSAUDI","NSDBRAZIL","NSDCHINA","AUSTRALIA","MIDDLEEAST","ITALY","NSDITALY","SEA50HZ","NSDAUSTRALIA"],
										"Default" : "Unassigned"									},
			"ELGI_CA_ProductSeries": {
										"IsRange" :  "True",
										"Range"   : ["Unassigned"],
										"Default" : "Unassigned",
										"onChange": "loadProductSeries"
									 }
          }
        ],
		"onChange":{
			"loadProductSegment" : {
				"DIESEL POWERED ROTARY SCREW" : {
					"ELGI_CA_ProductSeries" :  ["Unassigned","DPSAC - TROLLEY","DPSAC - SKID"]
				},
				"Other" : {
					"ELGI_CA_ProductSeries" : ["Unassigned"]
				}
				
			},
			"loadProductSeries" : {
				"DPSAC - TROLLEY" : {
					"ELGI_CA_ModelVariant" :  ["Unassigned","PG 550-200 AZ","PG 850S-150S","PG 850-150S","PG 500-175","PG 650-100","PG 500 COMBO 150","PG 550-200","PG 450-200","PG 175-100","PG 300-100","PG 400-100","PG 300-150","PG 450-150","PG 400-175","PG 350-200","PG 600-100","PG 380-200","PG 400-150","PG 400-150 AC","PG 400-175 AC","PG 750-125","PG 450-250","PG 650-200","PG 900-100","PG 900-200","PG 900-300","PG 750-250","PG 900-350","PG 1100-300","PG 1200-Combo 350","PG 500-185","PG 750-150","PG 430-100","PG 330-100","PG 330-150","PG 850-150S-AZ","PG 550-215","PG 1170","PG 1600","PG 1250"]
				},
				"DPSAC - SKID" : {
					"ELGI_CA_ModelVariant" :  ["Unassigned","PG 500S-150","PG 600S-230","PG 500S-175","PG 550S-200","PG 550S-185","PG 475S-150","PG 450S-150","PG 400S-175 AC","PG 650S-200","PG 600S-200","PG 750S-250","PG 900S-200","PG 900S-350","PG 1200S-Combo 350","PG 1200S-330","PG 1100S-300","PG 1000S-275","PG 900S-300","PG 1100S-350","PG 1500S-Combo 400","PG 1300S-350","PG 550S-200S","PG 575S-225 WW","PG 575S-225 C&M","PG 575-225 C&M","PG 1250","PG 900","PG 1100","PG 1200","PG 1200S-125","PG 1350S-425","PG 850S-290","PG 1350 COMBO","PG 550S-215" ]
				},
				"Other" : {
					"ELGI_CA_ModelVariant" : ["Unassigned"]
				}
				
			}
		}
      }
    }
  ]
}