{
  "Classes": [
    {
      "60-Dryer": {
        "Attributes": [
          {
			"ELGI_CA_VoltageVariant": {
										"IsRange" :  "True",
										"Range"   : ["Unassigned"],
										"Default" : "Unassigned"
									},
			"ELGI_CA_PhaseVariant": 	{
										"IsRange" :  "True",
										"Range"   : ["Unassigned", "3 PHASE", "1 PHASE"],
										"Default" : "Unassigned"
									},
            "ELGI_CA_ProductSegment": {
										"IsRange" :  "True",
										"Range"   : ["Unassigned","DRYER", "ACCESSORIES"],
										"Default" : "Unassigned"
									 },
			"ELGI_CA_Country"		: {
										"IsRange" :  "True",
										"Range"   : ["Unassigned","INDIA","FRANCE","ITALY","CHINA","USA","BRAZIL","SAUDI","AUSTRALIA","SPAIN","MIDDLEEAST","SEA60HZ","SEA50HZ","TAIWAN","SINGAPORE","NSDINDIA","NSDUSA","NSDSAUDI","NSDBRAZIL","NSDCHINA","CANADA","NSDAUSTRALIA","NSDITALY"],
										"Default" : "Unassigned",
										"onChange": "loadCountry"
									 },
			"ELGI_CA_ProductSeries": {
										"IsRange" :  "True",
										"Range"   : ["Unassigned","STANDALONE","INTEGRATED","REF.AIR DRYER"],
										"Default" : "Unassigned"
									 },
			"ELGI_CA_FeatureVariant": {
										"IsRange" :  "True",
										"Range"   : ["Unassigned","AR NON-CYCLIC - AC"],
										"Default" : "Unassigned",
										"onChange": "loadFeatureVariant"
									 },
			"ELGI_CA_ModelVariant": {
										"IsRange" :  "True",
										"Range"   : ["Unassigned"],
										"Default" : "Unassigned"
									 }
          }
        ],
		"onChange":{
			"loadFeatureVariant" : {
				"AR NON-CYCLIC - AC" : {
					"ELGI_CA_ModelVariant" : ["Unassigned","AR 0020N","AR 0040N","AR 0100N","AR 0150N","AR 0210N","AR 0310N","AR 0400N","AR 0500N","AR 0080N","AR 0020Ns","AR 0040Ns","AR 0080Ns","AR 0100Ns","AR 0150Ns","AR 0210Ns","AR 0310Ns","AR 0400Ns","AR 0500Ns"]
				},
				"Other" : {
					"ELGI_CA_ModelVariant" : ["Unassigned"]
				}
				
			},
			"loadCountry" : {
				"INDIA" : {
					"ELGI_CA_VoltageVariant"	: ["Unassigned","400V/50Hz","415V/50Hz","380V/50Hz","230V/50Hz","110V DC","5 - 32V DC","4.6 - 5.5 V DC"]
				},
				"FRANCE" : {
					"ELGI_CA_VoltageVariant"	: ["Unassigned","400V/50Hz","415V/50Hz","380V/50Hz","230V/50Hz","110V DC","5 - 32V DC","4.6 - 5.5 V DC"]
				},
				"ITALY" : {
					"ELGI_CA_VoltageVariant"	: ["Unassigned","400V/50Hz","415V/50Hz","380V/50Hz","230V/50Hz","110V DC","5 - 32V DC","4.6 - 5.5 V DC"]
				},
				"CHINA" : {
					"ELGI_CA_VoltageVariant"	: ["Unassigned","400V/50Hz","415V/50Hz","380V/50Hz","230V/50Hz","110V DC","5 - 32V DC","4.6 - 5.5 V DC"]
				},
				"AUSTRALIA" : {
					"ELGI_CA_VoltageVariant"	: ["Unassigned","400V/50Hz","415V/50Hz","380V/50Hz","230V/50Hz","110V DC","5 - 32V DC","4.6 - 5.5 V DC"]
				},
				"NSDINDIA" : {
					"ELGI_CA_VoltageVariant"	: ["Unassigned","400V/50Hz","415V/50Hz","380V/50Hz","230V/50Hz","110V DC","5 - 32V DC","4.6 - 5.5 V DC"]
				},
				"NSDCHINA" : {
					"ELGI_CA_VoltageVariant"	: ["Unassigned","400V/50Hz","415V/50Hz","380V/50Hz","230V/50Hz","110V DC","5 - 32V DC","4.6 - 5.5 V DC"]
				},
				"NSDAUSTRALIA" : {
					"ELGI_CA_VoltageVariant"	: ["Unassigned","400V/50Hz","415V/50Hz","380V/50Hz","230V/50Hz","110V DC","5 - 32V DC","4.6 - 5.5 V DC"]
				},
				"NSDITALY" : {
					"ELGI_CA_VoltageVariant"	: ["Unassigned","400V/50Hz","415V/50Hz","380V/50Hz","230V/50Hz","110V DC","5 - 32V DC","4.6 - 5.5 V DC"]
				},
				"SEA50HZ" : {
					"ELGI_CA_VoltageVariant"	: ["Unassigned","400V/50Hz","415V/50Hz","380V/50Hz","230V/50Hz","110V DC","5 - 32V DC","4.6 - 5.5 V DC"]
				},
				"CANADA" : {
					"ELGI_CA_VoltageVariant"	: ["Unassigned","575V/60Hz"]
				},
				"BRAZIL" : {
					"ELGI_CA_VoltageVariant"	: ["Unassigned","220V/60Hz","380V/60Hz","440V/60Hz","230V/60Hz","460V/60Hz"]
				},
				"SAUDI" : {
					"ELGI_CA_VoltageVariant"	: ["Unassigned","220V/60Hz","380V/60Hz","440V/60Hz","230V/60Hz","460V/60Hz"]
				},
				"NSDBRAZIL" : {
					"ELGI_CA_VoltageVariant"	: ["Unassigned","220V/60Hz","380V/60Hz","440V/60Hz","230V/60Hz","460V/60Hz"]
				},
				"NSDSAUDI" : {
					"ELGI_CA_VoltageVariant"	: ["Unassigned","220V/60Hz","380V/60Hz","440V/60Hz","230V/60Hz","460V/60Hz"]
				},
				"USA" : {
					"ELGI_CA_VoltageVariant"	: ["Unassigned","208-230V/60Hz","460V/60Hz","208-230/460V/60Hz","110-240V 50/60Hz","575V/60Hz","200V/60Hz","115V/60Hz","230V/60Hz"]
				},
				"NSDUSA" : {
					"ELGI_CA_VoltageVariant"	: ["Unassigned","208-230V/60Hz","460V/60Hz","208-230/460V/60Hz","110-240V 50/60Hz","575V/60Hz","200V/60Hz","115V/60Hz","230V/60Hz"]
				},
				"Other" : {
					"ELGI_CA_VoltageVariant" : ["Unassigned"]
				}
				
			}
		}
      }
    }
  ]
}