{
  "Classes": [
    {
      "01-ElectricPoweredScrewAirCompressor-EPSAC": {
        "Attributes": [
          {
            "ELGI_CA_ModelVariant": {
										"IsRange" :  "True",
										"Range"   : ["Unassigned"],
										"Default" : "Unassigned"
									},
			"ELGI_CA_PhaseVariant": {
										"IsRange" :  "True",
										"Range"   : ["Unassigned", "3 PHASE", "1 PHASE"],
										"Default" : "Unassigned"
									},
			"ELGI_CA_FeatureVariant": {
										"IsRange" :  "True",
										"Range"   : ["Unassigned"],
										"Default" : "Unassigned"
									},
			"ELGI_CA_PressureVariant": {
										"IsRange" :  "True",
										"Range"   : ["Unassigned"],
										"Default" : "Unassigned"
									},
			"ELGI_CA_VoltageVariant": {
										"IsRange" :  "True",
										"Range"   : ["Unassigned"],
										"Default" : "Unassigned"
									},
			"ELGI_CA_CoolingType": 	{
										"IsRange" :  "True",
										"Range"   : ["Unassigned"],
										"Default" : "Unassigned"
									},
			"ELGI_CA_MountingType": 	{
										"IsRange" :  "True",
										"Range"   : ["Unassigned","BASE MOUNTED","TANK MOUNTED","TANK MOUNTED DRYER"],
										"Default" : "Unassigned",
										"onChange": "loadMountType"
									},
            "ELGI_CA_ProductSegment": {
										"IsRange" :  "True",
										"Range"   : ["Unassigned","ELECTRIC POWERED ROTARY SCREW","DIESEL POWERED ROTARY SCREW"],
										"Default" : "Unassigned",
										"onChange": "loadProductSegment"
									 },
			"ELGI_CA_Country"		: {
										"IsRange" :  "True",
										"Range"   : ["Unassigned","INDIA","FRANCE","ITALY","CHINA","USA","BRAZIL","SAUDI","AUSTRALIA","SPAIN","MIDDLEEAST","SEA60HZ","SEA50HZ","TAIWAN","SINGAPORE","NSDINDIA","NSDUSA","NSDSAUDI","NSDBRAZIL","NSDCHINA","CANADA","NSDAUSTRALIA","NSDITALY"],
										"Default" : "Unassigned",
										"onChange": "loadCountry"
									 },
			"ELGI_CA_ProductSeries": {
										"IsRange" :  "True",
										"Range"   : ["Unassigned"],
										"Default" : "Unassigned",
										"onChange": "loadProductSeries"
									 }
          }
        ],
		"onChange":{
			"loadProductSegment" : {
				"ELECTRIC POWERED ROTARY SCREW" : {
					"ELGI_CA_ProductSeries" :  ["Unassigned","EG","EN","EV","EQ"]
				},
				"DIESEL POWERED ROTARY SCREW" : {
					"ELGI_CA_ProductSeries" :  ["Unassigned","EPSAC - TROLLEY","EPSAC - SKID"]
				},
				"Other" : {
					"ELGI_CA_ProductSeries" : ["Unassigned"]
				}
				
			},
			"loadProductSeries" : {
				"EG" : {
					"ELGI_CA_CoolingType" : ["Unassigned","AIR COOLED","WATER COOLED"],
					"ELGI_CA_FeatureVariant" : ["Unassigned","STD VERSION","STD + VFD","STD + DRYER","STD + DRYER + VFD","STD + 20% VFD","STD_MNL","STD_SYN","STD+VFD_MNL","STD+VFD_SYN","VFD + VFD","STD + DM"],
					"ELGI_CA_ModelVariant" : ["Unassigned","EG 11","EG 11 A","EG 15","EG 15 A","EG 18","EG 18 A","EG 22","EG 22 A","EG 22-P","EG 26","EG 26 A","EG 30","EG 30 A","EG 37","EG 37 A","EG 45","EG 45 A","EG 45 P","EG 55","EG 55 A","EG 55P","EG 55 A IE4","EG 55 IE4","EG 75 IE4","EG 75","EG 75 A","EG 75 A IE4","EG 90","EG 110","EG 132","EG 160","EG 200","EG 250","EG 90-P","EG 110-P","EG 132-P","EG 160-P","EG 11 A IE4","EG 15 A IE4","EG 18 A IE4","EG 22 A IE4","EG 30 A IE4","EG 37 A IE4","EG 45 A IE4","EG 300","EG 315","EG 355","EG 400","EG 30x","EG 160SP","EG 200SP","EG 250SP","EG 75SP","EG 132SP","EG 110SP","EG 90SP","EG 11PM","EG 15PM","EG 18PM","EG 22PM","EG 30PM","EG 30xPM","EG 37PM","EG 45PM","EG 160SP IE4","EG 200SP IE4","EG 250SP IE4","EG 75SP IE4","EG 132SP IE4","EG 110SP IE4","EG 90SP IE4"],
					"Dependent_Attributes" : [
						[
							{
								"AttributesToCheck.ELGI_CA_Country" :  ["INDIA","FRANCE","ITALY","CHINA","AUSTRALIA","MIDDLEEAST","SEA50HZ","NSDAUSTRALIA","NSDITALY","NSDINDIA"],
								"AttributesToChange.ELGI_CA_PressureVariant" : ["Unassigned","4.5 bar.g","5 bar.g","5.5 bar.g","7 bar.g","7.5 bar.g","8 bar.g","8.5 bar.g","9 bar.g","9.5 bar.g","10 bar.g","10.5 bar.g","11 bar.g","12.5 bar.g","13 bar.g","13.5 bar.g","15 bar.g","16 bar.g"]
							},
							{
								"AttributesToCheck.ELGI_CA_Country" :  ["Unassigned"],
								"AttributesToChange.ELGI_CA_PressureVariant" : ["Unassigned"]
							},
							{
								"AttributesToCheck.ELGI_CA_Country" :  ["OTHER_VALUES"],
								"AttributesToChange.ELGI_CA_PressureVariant" : ["Unassigned","66 psi.g","100 psi.g","115 psi.g","125 psi.g","150 psi.g","175 psi.g"]
							}
						]
					]
				},
				"EV" : {
					"ELGI_CA_CoolingType" : ["Unassigned","AIR COOLED","WATER COOLED"],
					"ELGI_CA_ModelVariant" : ["Unassigned","EV 11","EV 15","EV 18","EV 22","EV 22P","EV 26","EV 30","EV 37","EV 45"],
					"Dependent_Attributes" : [
						[
						
							{
								"AttributesToCheck.ELGI_CA_MountingType" : ["BASE MOUNTED"],
								"AttributesToChange.ELGI_CA_FeatureVariant" : ["Unassigned","STD VERSION","STD + VFD","STD + 20% VFD","STD_MNL","STD_SYN","STD+VFD_MNL","STD+VFD_SYN","STD + DM"]
							},
							{
								"AttributesToCheck.ELGI_CA_MountingType" : ["TANK MOUNTED"],
								"AttributesToChange.ELGI_CA_FeatureVariant" : ["Unassigned","STD VERSION + 200L","STD VERSION + 270L","STD VERSION + 500L","STD + VFD + 270L","STD + VFD + 500L","STD + MNL + 200L","STD + MNL + 270L","STD + MNL + 500L","STD + SYN + 200L","STD + SYN + 270L","STD + SYN + 500L","STD + MNL + VFD + 270L","STD + MNL + VFD + 500L","STD + SYN + VFD + 270L","STD + SYN + VFD + 500L","STD + DM"]
							},
							{
								"AttributesToCheck.ELGI_CA_MountingType" : ["TANK MOUNTED DRYER"],
								"AttributesToChange.ELGI_CA_FeatureVariant" : ["Unassigned","STD VERSION + 200L + ELGI 20","STD VERSION + 200L + ELGI 40","STD VERSION + 270L + ELGI 20","STD VERSION + 270L + ELGI 40","STD VERSION + 270L + ELGI 80","STD VERSION + 500L + ELGI 40","STD VERSION + 500L + ELGI 80","STD + VFD + 270L + ELGI 20","STD + VFD + 270L + ELGI 40","STD + VFD + 270L +ELGI 80","STD + VFD + 500L + ELGI 40","STD + VFD + 500L + ELGI 80","STD + MNL + 200L + ELGI 20","STD + MNL + 200L + ELGI 40","STD + MNL + 270L + ELGI 20","STD + MNL + 270L + ELGI 40","STD + MNL + 270L + ELGI 80","STD + MNL + 500L + ELGI 40","STD + MNL + 500L + ELGI 80","STD + SYN + 200L + ELGI 20","STD + SYN + 200L + ELGI 40","STD + SYN + 270L + ELGI 20","STD + SYN + 270L + ELGI 40","STD + SYN + 270L + ELGI 80","STD + SYN + 500L + ELGI 40","STD + SYN + 500L + ELGI 80","STD + MNL + VFD + 270L + ELGI 20","STD + MNL + VFD + 270L + ELGI 40","STD + MNL + VFD + 270L + ELGI 80","STD + MNL + VFD + 500L + ELGI 40","STD + MNL + VFD + 500L + ELGI 80","STD + SYN + VFD + 270L + ELGI 20","STD + SYN + VFD + 270L + ELGI 40","STD + SYN + VFD + 270L + ELGI 80","STD + SYN + VFD + 500L + ELGI 40","STD + SYN + VFD + 500L + ELGI 80","STD VERSION + 200L + ELGI 20 + POF","STD VERSION + 200L + ELGI 40 + POF","STD VERSION + 270L + ELGI 20 + POF","STD VERSION + 270L + ELGI 40 + POF","STD VERSION + 270L + ELGI 80 + POF","STD VERSION + 500L + ELGI 40 + POF","STD VERSION + 500L + ELGI 80 + POF","STD + VFD + 270L + ELGI 20 + POF","STD + VFD + 270L + ELGI 40 + POF","STD + VFD + 270L + ELGI 80+ POF","STD + VFD + 500L + ELGI 40 + POF","STD + VFD + 500L + ELGI 80 + POF","STD + DM"]
							},
							{
								"AttributesToCheck.ELGI_CA_MountingType" : ["OTHER_VALUES"],
								"AttributesToChange.ELGI_CA_FeatureVariant" : ["Unassigned","STD VERSION","STD + VFD","STD + 20% VFD","STD_MNL","STD_SYN","STD+VFD_MNL","STD+VFD_SYN","STD + DM"]
							}
						],
						[
							{
								"AttributesToCheck.ELGI_CA_Country" :  ["INDIA","FRANCE","ITALY","CHINA","AUSTRALIA","MIDDLEEAST","SEA50HZ","NSDAUSTRALIA","NSDITALY","NSDINDIA"],
								"AttributesToChange.ELGI_CA_PressureVariant" : ["Unassigned","4.5 bar.g","5 bar.g","5.5 bar.g","7 bar.g","7.5 bar.g","8 bar.g","8.5 bar.g","9 bar.g","9.5 bar.g","10 bar.g","10.5 bar.g","11 bar.g","12.5 bar.g","13 bar.g","13.5 bar.g","15 bar.g","16 bar.g"]
							},
							{
								"AttributesToCheck.ELGI_CA_Country" :  ["Unassigned"],
								"AttributesToChange.ELGI_CA_PressureVariant" : ["Unassigned"]
							},
							{
								"AttributesToCheck.ELGI_CA_Country" :  ["OTHER_VALUES"],
								"AttributesToChange.ELGI_CA_PressureVariant" : ["Unassigned","66 psi.g","100 psi.g","115 psi.g","125 psi.g","150 psi.g","175 psi.g"]
							}
						]
						
					]
				},
				"EQ" : {
					"ELGI_CA_CoolingType" : ["Unassigned","AIR COOLED","WATER COOLED"],
					"ELGI_CA_ModelVariant" : ["Unassigned","EQ 11","EQ 15","EQ 18","EQ 22","EQ 22P","EQ 26","EQ 30","EQ 37","EQ 45"],
					"Dependent_Attributes" : [
						[
							{
								"AttributesToCheck.ELGI_CA_MountingType" : ["BASE MOUNTED"],
								"AttributesToChange.ELGI_CA_FeatureVariant" : ["Unassigned","STD VERSION","STD + VFD","STD + 20% VFD","STD_MNL","STD_SYN","STD+VFD_MNL","STD+VFD_SYN","STD + DM"]
							},
							{
								"AttributesToCheck.ELGI_CA_MountingType" : ["TANK MOUNTED"],
								"AttributesToChange.ELGI_CA_FeatureVariant" : ["Unassigned","STD VERSION + 200L","STD VERSION + 270L","STD VERSION + 500L","STD + VFD + 270L","STD + VFD + 500L","STD + MNL + 200L","STD + MNL + 270L","STD + MNL + 500L","STD + SYN + 200L","STD + SYN + 270L","STD + SYN + 500L","STD + MNL + VFD + 270L","STD + MNL + VFD + 500L","STD + SYN + VFD + 270L","STD + SYN + VFD + 500L","STD + DM"]
							},
							{
								"AttributesToCheck.ELGI_CA_MountingType" : ["TANK MOUNTED DRYER"],
								"AttributesToChange.ELGI_CA_FeatureVariant" : ["Unassigned","STD VERSION + 200L + ELGI 20","STD VERSION + 200L + ELGI 40","STD VERSION + 270L + ELGI 20","STD VERSION + 270L + ELGI 40","STD VERSION + 270L + ELGI 80","STD VERSION + 500L + ELGI 40","STD VERSION + 500L + ELGI 80","STD + VFD + 270L + ELGI 20","STD + VFD + 270L + ELGI 40","STD + VFD + 270L +ELGI 80","STD + VFD + 500L + ELGI 40","STD + VFD + 500L + ELGI 80","STD + MNL + 200L + ELGI 20","STD + MNL + 200L + ELGI 40","STD + MNL + 270L + ELGI 20","STD + MNL + 270L + ELGI 40","STD + MNL + 270L + ELGI 80","STD + MNL + 500L + ELGI 40","STD + MNL + 500L + ELGI 80","STD + SYN + 200L + ELGI 20","STD + SYN + 200L + ELGI 40","STD + SYN + 270L + ELGI 20","STD + SYN + 270L + ELGI 40","STD + SYN + 270L + ELGI 80","STD + SYN + 500L + ELGI 40","STD + SYN + 500L + ELGI 80","STD + MNL + VFD + 270L + ELGI 20","STD + MNL + VFD + 270L + ELGI 40","STD + MNL + VFD + 270L + ELGI 80","STD + MNL + VFD + 500L + ELGI 40","STD + MNL + VFD + 500L + ELGI 80","STD + SYN + VFD + 270L + ELGI 20","STD + SYN + VFD + 270L + ELGI 40","STD + SYN + VFD + 270L + ELGI 80","STD + SYN + VFD + 500L + ELGI 40","STD + SYN + VFD + 500L + ELGI 80","STD VERSION + 200L + ELGI 20 + POF","STD VERSION + 200L + ELGI 40 + POF","STD VERSION + 270L + ELGI 20 + POF","STD VERSION + 270L + ELGI 40 + POF","STD VERSION + 270L + ELGI 80 + POF","STD VERSION + 500L + ELGI 40 + POF","STD VERSION + 500L + ELGI 80 + POF","STD + VFD + 270L + ELGI 20 + POF","STD + VFD + 270L + ELGI 40 + POF","STD + VFD + 270L + ELGI 80+ POF","STD + VFD + 500L + ELGI 40 + POF","STD + VFD + 500L + ELGI 80 + POF","STD + DM"]
							},
							{
								"AttributesToCheck.ELGI_CA_MountingType" : ["OTHER_VALUES"],
								"AttributesToChange.ELGI_CA_FeatureVariant" : ["Unassigned","STD VERSION","STD + VFD","STD + 20% VFD","STD_MNL","STD_SYN","STD+VFD_MNL","STD+VFD_SYN","STD + DM"]
							}
						],
						[
							{
								"AttributesToCheck.ELGI_CA_Country" :  ["INDIA","FRANCE","ITALY","CHINA","AUSTRALIA","MIDDLEEAST","SEA50HZ","NSDAUSTRALIA","NSDITALY","NSDINDIA"],
								"AttributesToChange.ELGI_CA_PressureVariant" : ["Unassigned","4.5 bar.g","5 bar.g","5.5 bar.g","7 bar.g","7.5 bar.g","8 bar.g","8.5 bar.g","9 bar.g","9.5 bar.g","10 bar.g","10.5 bar.g","11 bar.g","12.5 bar.g","13 bar.g","13.5 bar.g","15 bar.g","16 bar.g"]
							},
							{
								"AttributesToCheck.ELGI_CA_Country" :  ["Unassigned"],
								"AttributesToChange.ELGI_CA_PressureVariant" : ["Unassigned"]
							},
							{
								"AttributesToCheck.ELGI_CA_Country" :  ["OTHER_VALUES"],
								"AttributesToChange.ELGI_CA_PressureVariant" : ["Unassigned","66 psi.g","100 psi.g","115 psi.g","125 psi.g","150 psi.g","175 psi.g"]
							}
						]
					]
				},
				"EN" : {
					"ELGI_CA_CoolingType" : ["Unassigned","AIR COOLED"],
					"ELGI_CA_ModelVariant" : ["Unassigned","EN 2","EN 3","EN 4","EN 5","EN 5x","EN 7","EN 11","EN 15","EN 15x","EN 18","EN 22","EN 30","EN 30x","EN 37","EN 45","EN 55","EN 75"],
					"Dependent_Attributes" : [
						[
							{
								"AttributesToCheck.ELGI_CA_MountingType" : ["BASE MOUNTED"],
								"AttributesToChange.ELGI_CA_FeatureVariant" : ["Unassigned","STD VERSION","STD + VFD","STD + 20% VFD","STD_MNL","STD_SYN","STD+VFD_MNL","STD+VFD_SYN","STD + DM"]
							},
							{
								"AttributesToCheck.ELGI_CA_MountingType" : ["TANK MOUNTED"],
								"AttributesToChange.ELGI_CA_FeatureVariant" : ["Unassigned","STD VERSION + 200L","STD VERSION + 270L","STD VERSION + 500L","STD + VFD + 270L","STD + VFD + 500L","STD + MNL + 200L","STD + MNL + 270L","STD + MNL + 500L","STD + SYN + 200L","STD + SYN + 270L","STD + SYN + 500L","STD + MNL + VFD + 270L","STD + MNL + VFD + 500L","STD + SYN + VFD + 270L","STD + SYN + VFD + 500L","STD + DM"]
							},
							{
								"AttributesToCheck.ELGI_CA_MountingType" : ["TANK MOUNTED DRYER"],
								"AttributesToChange.ELGI_CA_FeatureVariant" : ["Unassigned","STD VERSION + 200L + ELGI 20","STD VERSION + 200L + ELGI 40","STD VERSION + 270L + ELGI 20","STD VERSION + 270L + ELGI 40","STD VERSION + 270L + ELGI 80","STD VERSION + 500L + ELGI 40","STD VERSION + 500L + ELGI 80","STD + VFD + 270L + ELGI 20","STD + VFD + 270L + ELGI 40","STD + VFD + 270L +ELGI 80","STD + VFD + 500L + ELGI 40","STD + VFD + 500L + ELGI 80","STD + MNL + 200L + ELGI 20","STD + MNL + 200L + ELGI 40","STD + MNL + 270L + ELGI 20","STD + MNL + 270L + ELGI 40","STD + MNL + 270L + ELGI 80","STD + MNL + 500L + ELGI 40","STD + MNL + 500L + ELGI 80","STD + SYN + 200L + ELGI 20","STD + SYN + 200L + ELGI 40","STD + SYN + 270L + ELGI 20","STD + SYN + 270L + ELGI 40","STD + SYN + 270L + ELGI 80","STD + SYN + 500L + ELGI 40","STD + SYN + 500L + ELGI 80","STD + MNL + VFD + 270L + ELGI 20","STD + MNL + VFD + 270L + ELGI 40","STD + MNL + VFD + 270L + ELGI 80","STD + MNL + VFD + 500L + ELGI 40","STD + MNL + VFD + 500L + ELGI 80","STD + SYN + VFD + 270L + ELGI 20","STD + SYN + VFD + 270L + ELGI 40","STD + SYN + VFD + 270L + ELGI 80","STD + SYN + VFD + 500L + ELGI 40","STD + SYN + VFD + 500L + ELGI 80","STD VERSION + 200L + ELGI 20 + POF","STD VERSION + 200L + ELGI 40 + POF","STD VERSION + 270L + ELGI 20 + POF","STD VERSION + 270L + ELGI 40 + POF","STD VERSION + 270L + ELGI 80 + POF","STD VERSION + 500L + ELGI 40 + POF","STD VERSION + 500L + ELGI 80 + POF","STD + VFD + 270L + ELGI 20 + POF","STD + VFD + 270L + ELGI 40 + POF","STD + VFD + 270L + ELGI 80+ POF","STD + VFD + 500L + ELGI 40 + POF","STD + VFD + 500L + ELGI 80 + POF","STD + DM"]
							},
							{
								"AttributesToCheck.ELGI_CA_MountingType" : ["OTHER_VALUES"],
								"AttributesToChange.ELGI_CA_FeatureVariant" : ["Unassigned","STD VERSION","STD + VFD","STD + 20% VFD","STD_MNL","STD_SYN","STD+VFD_MNL","STD+VFD_SYN","STD + DM"]
							}
						],
						[
							{
								"AttributesToCheck.ELGI_CA_Country" :  ["INDIA","FRANCE","ITALY","CHINA","AUSTRALIA","MIDDLEEAST","SEA50HZ","NSDAUSTRALIA","NSDITALY","NSDINDIA"],
								"AttributesToChange.ELGI_CA_PressureVariant" : ["Unassigned","7 bar.g","8 bar.g","9.5 bar.g","10 bar.g","12.5 bar.g"]
							},
							{
								"AttributesToCheck.ELGI_CA_Country" :  ["Unassigned"],
								"AttributesToChange.ELGI_CA_PressureVariant" : ["Unassigned"]
							},
							{
								"AttributesToCheck.ELGI_CA_Country" :  ["OTHER_VALUES"],
								"AttributesToChange.ELGI_CA_PressureVariant" : ["Unassigned","66 psi.g","100 psi.g","115 psi.g","125 psi.g","150 psi.g","175 psi.g"]
							}
						]
					]
				},
				"EPSAC - TROLLEY" : {
					"ELGI_CA_CoolingType" : ["Unassigned","AIR COOLED"],
					"ELGI_CA_FeatureVariant" : ["Unassigned"],
					"ELGI_CA_ModelVariant" : ["Unassigned","PG 22EN","PG 37","PG 45","PG 45ES","PG 75","PG 55","PG 45ES UG","PG 45E-PM"],
					"Dependent_Attributes" :[
						[
							{
								"AttributesToCheck.ELGI_CA_Country" :  ["INDIA","FRANCE","ITALY","CHINA","AUSTRALIA","MIDDLEEAST","SEA50HZ","NSDAUSTRALIA","NSDITALY","NSDINDIA"],
								"AttributesToChange.ELGI_CA_PressureVariant" : ["Unassigned","7 bar.g","9.5 bar.g"]
							},
							{
								"AttributesToCheck.ELGI_CA_Country" :  ["Unassigned"],
								"AttributesToChange.ELGI_CA_PressureVariant" : ["Unassigned"]
							},
							{
								"AttributesToCheck.ELGI_CA_Country" :  ["OTHER_VALUES"],
								"AttributesToChange.ELGI_CA_PressureVariant" : ["Unassigned","66 psi.g","100 psi.g","115 psi.g","125 psi.g","150 psi.g","175 psi.g"]
							}
						]
					]
					
				},
				"EPSAC - SKID" : {
					"ELGI_CA_CoolingType" : ["Unassigned","AIR COOLED"],
					"ELGI_CA_FeatureVariant" : ["Unassigned"],
					"ELGI_CA_ModelVariant" : ["Unassigned","PG 22EN","PG 37","PG 45","PG 45ES","PG 75","PG 55","PG 45ES UG","PG 45E-PM"],
					"Dependent_Attributes" :[
						[
							{
								"AttributesToCheck.ELGI_CA_Country" :  ["INDIA","FRANCE","ITALY","CHINA","AUSTRALIA","MIDDLEEAST","SEA50HZ","NSDAUSTRALIA","NSDITALY","NSDINDIA"],
								"AttributesToChange.ELGI_CA_PressureVariant" : ["Unassigned","7 bar.g","9.5 bar.g"]
							},
							{
								"AttributesToCheck.ELGI_CA_Country" :  ["Unassigned"],
								"AttributesToChange.ELGI_CA_PressureVariant" : ["Unassigned"]
							},
							{
								"AttributesToCheck.ELGI_CA_Country" :  ["OTHER_VALUES"],
								"AttributesToChange.ELGI_CA_PressureVariant" : ["Unassigned","66 psi.g","100 psi.g","115 psi.g","125 psi.g","150 psi.g","175 psi.g"]
							}
						]
					]
				},
				"Other" : {
					"ELGI_CA_CoolingType" : ["Unassigned"],
					"ELGI_CA_FeatureVariant" : ["Unassigned"],
					"ELGI_CA_ModelVariant" : ["Unassigned"],
					"ELGI_CA_PressureVariant" : ["Unassigned"]
				}
				
			},
			"loadMountType" : {
				"BASE MOUNTED" : {
					"Dependent_Attributes" : [
						[
							{
								"AttributesToCheck.ELGI_CA_ProductSeries" : ["EN","EV","EQ"],
								"AttributesToChange.ELGI_CA_FeatureVariant" : ["Unassigned","STD VERSION","STD + VFD","STD + 20% VFD","STD_MNL","STD_SYN","STD+VFD_MNL","STD+VFD_SYN","STD + DM"]
							},
							{
								"AttributesToCheck.ELGI_CA_ProductSeries" : ["OTHER_VALUES"],
								"AttributesToChange.ELGI_CA_FeatureVariant" : ["Unassigned"]
							}
						]
					]
				},
				"TANK MOUNTED" : {
					"Dependent_Attributes" : [
						[
							{
								"AttributesToCheck.ELGI_CA_ProductSeries" : ["EN","EV","EQ"],
								"AttributesToChange.ELGI_CA_FeatureVariant" : ["Unassigned","STD VERSION + 200L","STD VERSION + 270L","STD VERSION + 500L","STD + VFD + 270L","STD + VFD + 500L","STD + MNL + 200L","STD + MNL + 270L","STD + MNL + 500L","STD + SYN + 200L","STD + SYN + 270L","STD + SYN + 500L","STD + MNL + VFD + 270L","STD + MNL + VFD + 500L","STD + SYN + VFD + 270L","STD + SYN + VFD + 500L","STD + DM"]
							},
							{
								"AttributesToCheck.ELGI_CA_ProductSeries" : ["OTHER_VALUES"],
								"AttributesToChange.ELGI_CA_FeatureVariant" : ["Unassigned"]
							}
						]
					]
				},
				"TANK MOUNTED DRYER" : {
					"Dependent_Attributes" : [
						[
							{
								"AttributesToCheck.ELGI_CA_ProductSeries" : ["EN","EV","EQ"],
								"AttributesToChange.ELGI_CA_FeatureVariant" : ["Unassigned","STD VERSION + 200L + ELGI 20","STD VERSION + 200L + ELGI 40","STD VERSION + 270L + ELGI 20","STD VERSION + 270L + ELGI 40","STD VERSION + 270L + ELGI 80","STD VERSION + 500L + ELGI 40","STD VERSION + 500L + ELGI 80","STD + VFD + 270L + ELGI 20","STD + VFD + 270L + ELGI 40","STD + VFD + 270L +ELGI 80","STD + VFD + 500L + ELGI 40","STD + VFD + 500L + ELGI 80","STD + MNL + 200L + ELGI 20","STD + MNL + 200L + ELGI 40","STD + MNL + 270L + ELGI 20","STD + MNL + 270L + ELGI 40","STD + MNL + 270L + ELGI 80","STD + MNL + 500L + ELGI 40","STD + MNL + 500L + ELGI 80","STD + SYN + 200L + ELGI 20","STD + SYN + 200L + ELGI 40","STD + SYN + 270L + ELGI 20","STD + SYN + 270L + ELGI 40","STD + SYN + 270L + ELGI 80","STD + SYN + 500L + ELGI 40","STD + SYN + 500L + ELGI 80","STD + MNL + VFD + 270L + ELGI 20","STD + MNL + VFD + 270L + ELGI 40","STD + MNL + VFD + 270L + ELGI 80","STD + MNL + VFD + 500L + ELGI 40","STD + MNL + VFD + 500L + ELGI 80","STD + SYN + VFD + 270L + ELGI 20","STD + SYN + VFD + 270L + ELGI 40","STD + SYN + VFD + 270L + ELGI 80","STD + SYN + VFD + 500L + ELGI 40","STD + SYN + VFD + 500L + ELGI 80","STD VERSION + 200L + ELGI 20 + POF","STD VERSION + 200L + ELGI 40 + POF","STD VERSION + 270L + ELGI 20 + POF","STD VERSION + 270L + ELGI 40 + POF","STD VERSION + 270L + ELGI 80 + POF","STD VERSION + 500L + ELGI 40 + POF","STD VERSION + 500L + ELGI 80 + POF","STD + VFD + 270L + ELGI 20 + POF","STD + VFD + 270L + ELGI 40 + POF","STD + VFD + 270L + ELGI 80+ POF","STD + VFD + 500L + ELGI 40 + POF","STD + VFD + 500L + ELGI 80 + POF","STD + DM"]
							},
							{
								"AttributesToCheck.ELGI_CA_ProductSeries" : ["OTHER_VALUES"],
								"AttributesToChange.ELGI_CA_FeatureVariant" : ["Unassigned"]
							}
						]
					]
				},
				"Other" : {
					"ELGI_CA_FeatureVariant" : ["Unassigned"]
				}
				
			},
			"loadCountry" : {
				"INDIA" : {
					"ELGI_CA_VoltageVariant" : ["Unassigned","400V/50Hz","415V/50Hz","380V/50Hz","230V/50Hz","110V DC","5 - 32V DC","4.6 - 5.5 V DC"],
					"Dependent_Attributes"	: [
						[
							{
								"AttributesToCheck.ELGI_CA_ProductSeries" : ["EG","EV","EQ"],
								"AttributesToChange.ELGI_CA_PressureVariant" :	["Unassigned","4.5 bar.g","5 bar.g","5.5 bar.g","7 bar.g","7.5 bar.g","8 bar.g","8.5 bar.g","9 bar.g","9.5 bar.g","10 bar.g","10.5 bar.g","11 bar.g","12.5 bar.g","13 bar.g","13.5 bar.g","15 bar.g","16 bar.g"]
							},
							{
								"AttributesToCheck.ELGI_CA_ProductSeries" : ["EN"],
								"AttributesToChange.ELGI_CA_PressureVariant" :	["Unassigned","7 bar.g","8 bar.g","9.5 bar.g","10 bar.g","12.5 bar.g"]
							},
							{
								"AttributesToCheck.ELGI_CA_ProductSeries" : ["EPSAC - TROLLEY", "EPSAC – SKID"],
								"AttributesToChange.ELGI_CA_PressureVariant" :	["Unassigned","7 bar.g","9.5 bar.g"]
							},
							{
								"AttributesToCheck.ELGI_CA_ProductSeries" : ["OTHER_VALUES"],
								"AttributesToChange.ELGI_CA_PressureVariant" :	["Unassigned"]
							}
						]
					]
				},
				"FRANCE" : {
					"ELGI_CA_VoltageVariant" : ["Unassigned","400V/50Hz","415V/50Hz","380V/50Hz","230V/50Hz","110V DC","5 - 32V DC","4.6 - 5.5 V DC"],
					"Dependent_Attributes"	: [
						[
							{
								"AttributesToCheck.ELGI_CA_ProductSeries" : ["EG","EV","EQ"],
								"AttributesToChange.ELGI_CA_PressureVariant" :	["Unassigned","4.5 bar.g","5 bar.g","5.5 bar.g","7 bar.g","7.5 bar.g","8 bar.g","8.5 bar.g","9 bar.g","9.5 bar.g","10 bar.g","10.5 bar.g","11 bar.g","12.5 bar.g","13 bar.g","13.5 bar.g","15 bar.g","16 bar.g"]
							},
							{
								"AttributesToCheck.ELGI_CA_ProductSeries" : ["EN"],
								"AttributesToChange.ELGI_CA_PressureVariant" :	["Unassigned","7 bar.g","8 bar.g","9.5 bar.g","10 bar.g","12.5 bar.g"]
							},
							{
								"AttributesToCheck.ELGI_CA_ProductSeries" : ["EPSAC - TROLLEY", "EPSAC – SKID"],
								"AttributesToChange.ELGI_CA_PressureVariant" :	["Unassigned","7 bar.g","9.5 bar.g"]
							},
							{
								"AttributesToCheck.ELGI_CA_ProductSeries" : ["OTHER_VALUES"],
								"AttributesToChange.ELGI_CA_PressureVariant" :	["Unassigned"]
							}
						]
					]
				},
				"NSDINDIA" : {
					"ELGI_CA_VoltageVariant" : ["Unassigned","400V/50Hz","415V/50Hz","380V/50Hz","230V/50Hz","110V DC","5 - 32V DC","4.6 - 5.5 V DC"],
					"Dependent_Attributes"	: [
						[
							{
								"AttributesToCheck.ELGI_CA_ProductSeries" : ["EG","EV","EQ"],
								"AttributesToChange.ELGI_CA_PressureVariant" :	["Unassigned","4.5 bar.g","5 bar.g","5.5 bar.g","7 bar.g","7.5 bar.g","8 bar.g","8.5 bar.g","9 bar.g","9.5 bar.g","10 bar.g","10.5 bar.g","11 bar.g","12.5 bar.g","13 bar.g","13.5 bar.g","15 bar.g","16 bar.g"]
							},
							{
								"AttributesToCheck.ELGI_CA_ProductSeries" : ["EN"],
								"AttributesToChange.ELGI_CA_PressureVariant" :	["Unassigned","7 bar.g","8 bar.g","9.5 bar.g","10 bar.g","12.5 bar.g"]
							},
							{
								"AttributesToCheck.ELGI_CA_ProductSeries" : ["EPSAC - TROLLEY", "EPSAC – SKID"],
								"AttributesToChange.ELGI_CA_PressureVariant" :	["Unassigned","7 bar.g","9.5 bar.g"]
							},
							{
								"AttributesToCheck.ELGI_CA_ProductSeries" : ["OTHER_VALUES"],
								"AttributesToChange.ELGI_CA_PressureVariant" :	["Unassigned"]
							}
						]
					]
				},
				"MIDDLEEAST" : {
					"ELGI_CA_FeatureVariant" : ["Unassigned"],
					"ELGI_CA_VoltageVariant" : ["Unassigned"],
					"Dependent_Attributes"	: [
						[
							{
								"AttributesToCheck.ELGI_CA_ProductSeries" : ["EG","EV","EQ"],
								"AttributesToChange.ELGI_CA_PressureVariant" :	["Unassigned","4.5 bar.g","5 bar.g","5.5 bar.g","7 bar.g","7.5 bar.g","8 bar.g","8.5 bar.g","9 bar.g","9.5 bar.g","10 bar.g","10.5 bar.g","11 bar.g","12.5 bar.g","13 bar.g","13.5 bar.g","15 bar.g","16 bar.g"]
							},
							{
								"AttributesToCheck.ELGI_CA_ProductSeries" : ["EN"],
								"AttributesToChange.ELGI_CA_PressureVariant" :	["Unassigned","7 bar.g","8 bar.g","9.5 bar.g","10 bar.g","12.5 bar.g"]
							},
							{
								"AttributesToCheck.ELGI_CA_ProductSeries" : ["EPSAC - TROLLEY", "EPSAC – SKID"],
								"AttributesToChange.ELGI_CA_PressureVariant" :	["Unassigned","7 bar.g","9.5 bar.g"]
							},
							{
								"AttributesToCheck.ELGI_CA_ProductSeries" : ["OTHER_VALUES"],
								"AttributesToChange.ELGI_CA_PressureVariant" :	["Unassigned"]
							}
						]
					]
				},
				"AUSTRALIA" : {
					"ELGI_CA_VoltageVariant" : ["Unassigned","400V/50Hz","415V/50Hz","380V/50Hz","230V/50Hz","110V DC","5 - 32V DC","4.6 - 5.5 V DC"],
					"Dependent_Attributes"	: [
						[
							{
								"AttributesToCheck.ELGI_CA_ProductSeries" : ["EG","EV","EQ"],
								"AttributesToChange.ELGI_CA_PressureVariant" :	["Unassigned","4.5 bar.g","5 bar.g","5.5 bar.g","7 bar.g","7.5 bar.g","8 bar.g","8.5 bar.g","9 bar.g","9.5 bar.g","10 bar.g","10.5 bar.g","11 bar.g","12.5 bar.g","13 bar.g","13.5 bar.g","15 bar.g","16 bar.g"]
							},
							{
								"AttributesToCheck.ELGI_CA_ProductSeries" : ["EN"],
								"AttributesToChange.ELGI_CA_PressureVariant" :	["Unassigned","7 bar.g","8 bar.g","9.5 bar.g","10 bar.g","12.5 bar.g"]
							},
							{
								"AttributesToCheck.ELGI_CA_ProductSeries" : ["EPSAC - TROLLEY", "EPSAC – SKID"],
								"AttributesToChange.ELGI_CA_PressureVariant" :	["Unassigned","7 bar.g","9.5 bar.g"]
							},
							{
								"AttributesToCheck.ELGI_CA_ProductSeries" : ["OTHER_VALUES"],
								"AttributesToChange.ELGI_CA_PressureVariant" :	["Unassigned"]
							}
						]
					]
				},
				"NSDAUSTRALIA" : {
					"ELGI_CA_VoltageVariant" : ["Unassigned","400V/50Hz","415V/50Hz","380V/50Hz","230V/50Hz","110V DC","5 - 32V DC","4.6 - 5.5 V DC"],
					"Dependent_Attributes"	: [
						[
							{
								"AttributesToCheck.ELGI_CA_ProductSeries" : ["EG","EV","EQ"],
								"AttributesToChange.ELGI_CA_PressureVariant" :	["Unassigned","4.5 bar.g","5 bar.g","5.5 bar.g","7 bar.g","7.5 bar.g","8 bar.g","8.5 bar.g","9 bar.g","9.5 bar.g","10 bar.g","10.5 bar.g","11 bar.g","12.5 bar.g","13 bar.g","13.5 bar.g","15 bar.g","16 bar.g"]
							},
							{
								"AttributesToCheck.ELGI_CA_ProductSeries" : ["EN"],
								"AttributesToChange.ELGI_CA_PressureVariant" :	["Unassigned","7 bar.g","8 bar.g","9.5 bar.g","10 bar.g","12.5 bar.g"]
							},
							{
								"AttributesToCheck.ELGI_CA_ProductSeries" : ["EPSAC - TROLLEY", "EPSAC – SKID"],
								"AttributesToChange.ELGI_CA_PressureVariant" :	["Unassigned","7 bar.g","9.5 bar.g"]
							},
							{
								"AttributesToCheck.ELGI_CA_ProductSeries" : ["OTHER_VALUES"],
								"AttributesToChange.ELGI_CA_PressureVariant" :	["Unassigned"]
							}
						]
					]
				},
				"ITALY" : {
					"ELGI_CA_VoltageVariant" : ["Unassigned","400V/50Hz","415V/50Hz","380V/50Hz","230V/50Hz","110V DC","5 - 32V DC","4.6 - 5.5 V DC"],
					"Dependent_Attributes"	: [
						[
							{
								"AttributesToCheck.ELGI_CA_ProductSeries" : ["EG","EV","EQ"],
								"AttributesToChange.ELGI_CA_PressureVariant" :	["Unassigned","4.5 bar.g","5 bar.g","5.5 bar.g","7 bar.g","7.5 bar.g","8 bar.g","8.5 bar.g","9 bar.g","9.5 bar.g","10 bar.g","10.5 bar.g","11 bar.g","12.5 bar.g","13 bar.g","13.5 bar.g","15 bar.g","16 bar.g"]
							},
							{
								"AttributesToCheck.ELGI_CA_ProductSeries" : ["EN"],
								"AttributesToChange.ELGI_CA_PressureVariant" :	["Unassigned","7 bar.g","8 bar.g","9.5 bar.g","10 bar.g","12.5 bar.g"]
							},
							{
								"AttributesToCheck.ELGI_CA_ProductSeries" : ["EPSAC - TROLLEY", "EPSAC – SKID"],
								"AttributesToChange.ELGI_CA_PressureVariant" :	["Unassigned","7 bar.g","9.5 bar.g"]
							},
							{
								"AttributesToCheck.ELGI_CA_ProductSeries" : ["OTHER_VALUES"],
								"AttributesToChange.ELGI_CA_PressureVariant" :	["Unassigned"]
							}
						]
					]
				},
				"NSDITALY" : {
					"ELGI_CA_VoltageVariant" : ["Unassigned","400V/50Hz","415V/50Hz","380V/50Hz","230V/50Hz","110V DC","5 - 32V DC","4.6 - 5.5 V DC"],
					"Dependent_Attributes"	: [
						[
							{
								"AttributesToCheck.ELGI_CA_ProductSeries" : ["EG","EV","EQ"],
								"AttributesToChange.ELGI_CA_PressureVariant" :	["Unassigned","4.5 bar.g","5 bar.g","5.5 bar.g","7 bar.g","7.5 bar.g","8 bar.g","8.5 bar.g","9 bar.g","9.5 bar.g","10 bar.g","10.5 bar.g","11 bar.g","12.5 bar.g","13 bar.g","13.5 bar.g","15 bar.g","16 bar.g"]
							},
							{
								"AttributesToCheck.ELGI_CA_ProductSeries" : ["EN"],
								"AttributesToChange.ELGI_CA_PressureVariant" :	["Unassigned","7 bar.g","8 bar.g","9.5 bar.g","10 bar.g","12.5 bar.g"]
							},
							{
								"AttributesToCheck.ELGI_CA_ProductSeries" : ["EPSAC - TROLLEY", "EPSAC – SKID"],
								"AttributesToChange.ELGI_CA_PressureVariant" :	["Unassigned","7 bar.g","9.5 bar.g"]
							},
							{
								"AttributesToCheck.ELGI_CA_ProductSeries" : ["OTHER_VALUES"],
								"AttributesToChange.ELGI_CA_PressureVariant" :	["Unassigned"]
							}
						]
					]
				},
				"SEA50HZ" : {
					"ELGI_CA_VoltageVariant" : ["Unassigned","400V/50Hz","415V/50Hz","380V/50Hz","230V/50Hz","110V DC","5 - 32V DC","4.6 - 5.5 V DC"],
					"Dependent_Attributes"	: [
						[
							{
								"AttributesToCheck.ELGI_CA_ProductSeries" : ["EG","EV","EQ"],
								"AttributesToChange.ELGI_CA_PressureVariant" :	["Unassigned","4.5 bar.g","5 bar.g","5.5 bar.g","7 bar.g","7.5 bar.g","8 bar.g","8.5 bar.g","9 bar.g","9.5 bar.g","10 bar.g","10.5 bar.g","11 bar.g","12.5 bar.g","13 bar.g","13.5 bar.g","15 bar.g","16 bar.g"]
							},
							{
								"AttributesToCheck.ELGI_CA_ProductSeries" : ["EN"],
								"AttributesToChange.ELGI_CA_PressureVariant" :	["Unassigned","7 bar.g","8 bar.g","9.5 bar.g","10 bar.g","12.5 bar.g"]
							},
							{
								"AttributesToCheck.ELGI_CA_ProductSeries" : ["EPSAC - TROLLEY", "EPSAC – SKID"],
								"AttributesToChange.ELGI_CA_PressureVariant" :	["Unassigned","7 bar.g","9.5 bar.g"]
							},
							{
								"AttributesToCheck.ELGI_CA_ProductSeries" : ["OTHER_VALUES"],
								"AttributesToChange.ELGI_CA_PressureVariant" :	["Unassigned"]
							}
						]
					]
				},
				"NSDUSA" : {
					"ELGI_CA_VoltageVariant" : ["Unassigned","208-230V/60Hz","460V/60Hz","208-230/460V/60Hz","110-240V 50/60Hz","575V/60Hz","200V/60Hz","115V/60Hz","230V/60Hz"],
					"ELGI_CA_PressureVariant" 	 : ["Unassigned","66 psi.g","100 psi.g","115 psi.g","125 psi.g","150 psi.g","175 psi.g"]
				},
				"USA" : {
					"ELGI_CA_VoltageVariant" : ["Unassigned","208-230V/60Hz","460V/60Hz","208-230/460V/60Hz","110-240V 50/60Hz","575V/60Hz","200V/60Hz","115V/60Hz","230V/60Hz"],
					"ELGI_CA_PressureVariant" 	 : ["Unassigned","66 psi.g","100 psi.g","115 psi.g","125 psi.g","150 psi.g","175 psi.g"]
				},
				"NSDSAUDI" : {
					"ELGI_CA_VoltageVariant" : ["Unassigned","220V/60Hz","380V/60Hz","440V/60Hz","230V/60Hz","460V/60Hz"],
					"ELGI_CA_PressureVariant" 	 : ["Unassigned","66 psi.g","100 psi.g","115 psi.g","125 psi.g","150 psi.g","175 psi.g"]
				},
				"SAUDI" : {
					"ELGI_CA_VoltageVariant" : ["Unassigned","220V/60Hz","380V/60Hz","440V/60Hz","230V/60Hz","460V/60Hz"],
					"ELGI_CA_PressureVariant" 	 : ["Unassigned","66 psi.g","100 psi.g","115 psi.g","125 psi.g","150 psi.g","175 psi.g"]
				},
				"NSDBRAZIL" : {
					"ELGI_CA_VoltageVariant" : ["Unassigned","220V/60Hz","380V/60Hz","440V/60Hz","230V/60Hz","460V/60Hz"],
					"ELGI_CA_PressureVariant" 	 : ["Unassigned","66 psi.g","100 psi.g","115 psi.g","125 psi.g","150 psi.g","175 psi.g"]
				},
				"BRAZIL" : {
					"ELGI_CA_VoltageVariant" : ["Unassigned","220V/60Hz","380V/60Hz","440V/60Hz","230V/60Hz","460V/60Hz"],
					"ELGI_CA_PressureVariant" 	 : ["Unassigned","66 psi.g","100 psi.g","115 psi.g","125 psi.g","150 psi.g","175 psi.g"]
				},
				"CHINA" : {
					"ELGI_CA_VoltageVariant" : ["Unassigned","400V/50Hz","415V/50Hz","380V/50Hz","230V/50Hz","110V DC","5 - 32V DC","4.6 - 5.5 V DC"],
					"Dependent_Attributes"	 : [
						[
							{
								"AttributesToCheck.ELGI_CA_ProductSeries" : ["EG","EV","EQ"],
								"AttributesToChange.ELGI_CA_PressureVariant" :	["Unassigned","4.5 bar.g","5 bar.g","5.5 bar.g","7 bar.g","7.5 bar.g","8 bar.g","8.5 bar.g","9 bar.g","9.5 bar.g","10 bar.g","10.5 bar.g","11 bar.g","12.5 bar.g","13 bar.g","13.5 bar.g","15 bar.g","16 bar.g"]
							},
							{
								"AttributesToCheck.ELGI_CA_ProductSeries" : ["EN"],
								"AttributesToChange.ELGI_CA_PressureVariant" :	["Unassigned","7 bar.g","8 bar.g","9.5 bar.g","10 bar.g","12.5 bar.g"]
							},
							{
								"AttributesToCheck.ELGI_CA_ProductSeries" : ["EPSAC - TROLLEY", "EPSAC – SKID"],
								"AttributesToChange.ELGI_CA_PressureVariant" :	["Unassigned","7 bar.g","9.5 bar.g"]
							},
							{
								"AttributesToCheck.ELGI_CA_ProductSeries" : ["OTHER_VALUES"],
								"AttributesToChange.ELGI_CA_PressureVariant" :	["Unassigned"]
							}
						]
					]
				},
				"NSDCHINA" : {
					"ELGI_CA_VoltageVariant" : ["Unassigned","400V/50Hz","415V/50Hz","380V/50Hz","230V/50Hz","110V DC","5 - 32V DC","4.6 - 5.5 V DC"],
					"ELGI_CA_PressureVariant" 	 : ["Unassigned","66 psi.g","100 psi.g","115 psi.g","125 psi.g","150 psi.g","175 psi.g"]
				},
				"CANADA" : {
					"ELGI_CA_VoltageVariant" : ["Unassigned","575V/60Hz"],
					"ELGI_CA_PressureVariant" 	 : ["Unassigned","66 psi.g","100 psi.g","115 psi.g","125 psi.g","150 psi.g","175 psi.g"]
				},
				"Other" : {
					"ELGI_CA_FeatureVariant" : ["Unassigned"],
					"ELGI_CA_VoltageVariant" : ["Unassigned"],
					"ELGI_CA_PressureVariant" : ["Unassigned","66 psi.g","100 psi.g","115 psi.g","125 psi.g","150 psi.g","175 psi.g"]
				}
				
			}
		}
      }
    }
  ]
}