{
  "Classes": [
    {
      "88-JorcIndustiresBVAccessories": {
        "Attributes": [
          {
			"ELGI_CA_VoltageVariant": {
										"IsRange" :  "True",
										"Range"   : ["Unassigned"],
										"Default" : "Unassigned"
									},
            "ELGI_CA_ProductSegment": {
										"IsRange" :  "True",
										"Range"   : ["Unassigned", "ACCESSORIES"],
										"Default" : "Unassigned"
									 },
			"ELGI_CA_Country"		: {
										"IsRange" :  "True",
										"Range"   : ["Unassigned","INDIA","USA","ITALY","CHINA","SAUDI","BRAZIL","AUSTRALIA","CANADA"],
										"Default" : "Unassigned",
										"onChange": "loadCountry"
									 },
			"ELGI_CA_ProductSeries": {
										"IsRange" :  "True",
										"Range"   : ["Unassigned","MOISTURE SEPARATORS","CONDENSATE MGNT","DESICCANT AIR DRYER","DOWN STREAM FILTERS","ENERGY MANAGEMENT","REF.AIR DRYER","AIR RECIEVER","REF.AIR DRYER - AC","REF.AIR DRYER - WC","AIRMATE FILTERS","AIR ALERT","SPECIAL PIPING"],
										"Default" : "Unassigned",
										"onChange": "loadProductSeries"
									 },
			"ELGI_CA_FeatureVariant": {
										"IsRange" :  "True",
										"Range"   : ["Unassigned"],
										"Default" : "Unassigned",
										"onChange": "loadFeatureVariant"
									 },
			"ELGI_CA_ModelVariant": {
										"IsRange" :  "True",
										"Range"   : ["Unassigned"],
										"Default" : "Unassigned"
									 }
          }
        ],
		"onChange":{
			"loadFeatureVariant" : {
				"LEVEL SENSING DRAIN" : {
					"ELGI_CA_ModelVariant" : ["Unassigned","LDV 1000","LDV 2000","EZL 100A1","EZL 100A2","EZL 10","AZ 50LM"]
				},
				"OIL WATER SEPARATOR" : {
					"ELGI_CA_ModelVariant" : ["Unassigned","EOS -7","EOS -7N","EOS - 13","EOS - 18","EOS - 35","EOS - 70","EOS - 110","EOS - 210","EOS - D","AWS0060 S","AWS0120 S","AWS0360 S","AWS0900 S","AWS1250 S","AWS1800 S","AWS2500 S"]
				},
				"TIMER DRAIN" : {
					"ELGI_CA_ModelVariant" : ["Unassigned","CTD 11B","TD - HP 40","TD - HP 80","AZ TP","AZ TP1","AZ TC","AZ T","AZ T1","AZ TC1"]
				},
				"HEATLESS AIR DRYER" : {
					"ELGI_CA_ModelVariant" :  ["Unassigned","HLD 1X","HLD 2X","HLD 3X","HLD 5X","HLD 6X","HLD 8X","HLD 10X","HLD 13X","HLD 20X","HLD 25X","HLD 30X","HLD 38X","HLD 50X","HLD 70X","HLD 100X","HLD 50X ASME","HLD 70X ASME","HLD 100X ASME"]
				},
				"HOC AIR DRYER" : {
					"ELGI_CA_ModelVariant" : ["Unassigned","HOC 70X","HOC 90X","HOC 110X","HOC 140X","HOC 160X","HOC 190X","HOC 70X ASME","HOC 90X ASME","HOC 110X ASME","HOC 140X ASME","HOC 160X ASME","HOC 190X ASME"]
				},
				"HBR AIR DRYER" : {
					"ELGI_CA_ModelVariant" : ["Unassigned","HBR 70X","HBR 110X","HBR 120X","HBR 140X","HBR 160X","HBR 70X ASME","HBR 110X ASME","HBR 120X ASME","HBR 140X ASME","HBR 160X ASME"]
				},
				"PFE" : {
					"ELGI_CA_ModelVariant" : ["Unassigned","PFE 0018","PFE 0035","PFE 0053","PFE 0070","PFE 0105","PFE 0125","PFE 0160","PFE 0210","PFE 0280","PFE 0420","PFE 0620","PFE 0840","PFE 1120","PFE 1700","PFE 2540","PFE 3300"]
				},
				"FFE" : {
					"ELGI_CA_ModelVariant" : ["Unassigned","FFE 0018","FFE 0035","FFE 0053","FFE 0070","FFE 0105","FFE 0125","FFE 0160","FFE 0210","FFE 0280","FFE 0420","FFE 0620","FFE 0840","FFE 1120","FFE 1700","FFE 2540","FFE 3300"]
				},
				"CFE" : {
					"ELGI_CA_ModelVariant" : ["Unassigned","CFE 0018","CFE 0035","CFE 0053","CFE 0070","CFE 0105","CFE 0125","CFE 0160","CFE 0210","CFE 0280","CFE 0420","CFE 0620","CFE 0840","CFE 1120","CFE 1700","CFE 2540","CFE 3300"]
				},
				"PRE" : {
					"ELGI_CA_ModelVariant" :   ["Unassigned","AF 0021P","AF 0041P","AF 0059P","AF 0074P","AF 0088P","AF 0132P","AF 0177P","AF 0235P","AF 0294P","AF 0420P","AF 0520P","AF 0620P","AF 0912P","AF 1177P","AF 1589P","AF 2001P","AF 3178P","AF 6475P","AF 0021P","AF 0041P","AF 0059P","AF 0074P","AF 0088P","AF 0132P","AF 0177P","AF 0235P","AF 0294P","AF 0420P","AF 0520P","AF 0620P","AF 0912P","AF 1177P","AF 1589P","AF 2001P","AF 3178P","AF 6475P","AF 5000P","AF 8240P","AF 0041P-3/8","AF 0088P-3/4","AF 0235P-1 1/2","AF 0520P-2","AF 0620P-2","AF 1177P-2 1/2","AF 0041P-1/2","AF 0088P-1","AF 0235P-1 1/4","AF 0520P-1 1/4","AF 0620P-1 1/2","AF 1177P-3"]
				},
				"CARBON" : {
					"ELGI_CA_ModelVariant" :  ["Unassigned","AF 0021C","AF 0041C","AF 0059C","AF 0074C","AF 0088C","AF 0132C","AF 0177C","AF 0235C","AF 0294C","AF 0420C","AF 0520C","AF 0620C","AF 0912C","AF 1177C","AF 1589C","AF 2001C","AF 3178C","AF 6475C","AF 0021C","AF 0041C","AF 0059C","AF 0074C","AF 0088C","AF 0132C","AF 0177C","AF 0235C","AF 0294C","AF 0420C","AF 0520C","AF 0620C","AF 0912C","AF 1177C","AF 1589C","AF 2001C","AF 3178C","AF 6475C","AF 5000C","AF 8240C","AF 0041C-3/8","AF 0088C-3/4","AF 0235C-1 1/2","AF 0520C-2","AF 0620C-2","AF 1177C-2 1/2","AF 0041C-1/2","AF 0088C 1","AF 0235C 1 1/4","AF 0520C 1 1/2","AF 0620C 1 1/2","AF 1177C-3"]
				},
				"FINE" : {
					"ELGI_CA_ModelVariant" : ["Unassigned","AF 0021F","AF 0041F","AF 0059F","AF 0074F","AF 0088F","AF 0132F","AF 0177F","AF 0235F","AF 0294F","AF 0420F","AF 0520F","AF 0620F","AF 0912F","AF 1177F","AF 1589F","AF 2001F","AF 3178F","AF 6475F","AF 0021F","AF 0041F","AF 0059F","AF 0074F","AF 0088F","AF 0132F","AF 0177F","AF 0235F","AF 0294F","AF 0420F","AF 0520F","AF 0620F","AF 0912F","AF 1177F","AF 1589F","AF 2001F","AF 3178F","AF 6475F","AF 5000F","AF 8240F","AF 0041F-3/8","AF 0088F-3/4","AF 0235F-1 1/2","AF 0520F-2","AF 0620F-2","AF 1177F-2 1/2","AF 0041F-1/2","AF 0088F-1","AF 0235F-1 1/4","AF 0520F-1 1/2","AF 0620F-1 1/2","AF 1177F-3"]
				},
				"VFD" : {
					"ELGI_CA_ModelVariant" : ["Unassigned","ELVD11 WOBP","ELVD15 WOBP","ELVD18.5 WOBP","ELVD22 WOBP","ELVD30 WOBP","ELVD37 WOBP","ELVD45 WOBP","ELVD55 WOBP","ELVD75 WOBP","ELVD90 WOBP","ELVD110 WOBP","ELVD132 WOBP","ELVD160 WOBP","ELVD250 WOBP","ELVD315 WOBP","ELVD11","ELVD15","ELVD18.5","ELVD22","ELVD30","ELVD37","ELVD45","ELVD55","ELVD75","ELVD90","ELVD110","ELVD132","ELVD160","ELVD250","ELVD315"]
				},
				"Air~Flo" : {
					"ELGI_CA_ModelVariant" : ["Unassigned","20mm-203mm"]
				},
				"HEAT RECOVERY SYSTEM" : {
					"ELGI_CA_ModelVariant" : ["Unassigned","HR 110","HR 110-P","HR 11A","HR 132","HR 132-P","HR 15A","HR 160","HR 160-P","HR 18A","HR 200","HR 22A","HR 250","HR 30","HR 30A","HR 37","HR 37A","HR 45","HR 45A","HR 55","HR 55A","HR 75","HR 90","HR 90-P","HR 11PM","HR 15PM","HR 18PM","HR 22PM","HR 30PM","HR 30xPM","HR 37PM","HR 45PM"]
				},
				"ELRD" : {
					"ELGI_CA_ModelVariant" : ["Unassigned","ELRD 020","ELRD 040","ELRD 050","ELRD 080","ELRD 100","ELRD 150","ELRD 200","ELRD 300","ELRD 400","ELRD 500","ELRD 600","ELRD 750","ELRD 900","ELRD 1100","ELRD 1254","ELRD 1552","ELRD 1750","ELRD 2000","ELRD 2500","ELRD 750 WC","ELRD 900 WC,ELRD 1100 WC","ELRD 1254 WC","ELRD 1552 WC","ELRD 1750 WC"]
				},
				"EGRD" : {
					"ELGI_CA_ModelVariant" : ["Unassigned","EGRD 010","EGRD 020","EGRD 030","EGRD 040","EGRD 050","EGRD 080","EGRD 100","EGRD 150","EGRD 200","EGRD 300","EGRD 400","EGRD 500","EGRD 600","EGRD 750","EGRD 900","EGRD 1100","EGRD 1254","EGRD 1552","EGRD 1750","EGRD 2000","EGRD 2900","EGRD 3000" ,"EGRD 4000","EGRD 5000","EGRD 6000","EGRD 7500","EGRD 8000","EGRD 10000","EGRD 015","EGRD 175","EGRD 250"]
				},
				"EGRD-VFD" : {
					"ELGI_CA_ModelVariant" : ["Unassigned","EGRD 750 CV","EGRD 1000 CV","EGRD 1300 CV","EGRD 1400 CV","EGRD 1750 CV","EGRD 2100 CV","EGRD 2600 CV","EGRD 3100 CV","EGRD 3900 CV","EGRD 4200 CV","EGRD 5200 CV"]
				},
				"EGRD-CYCLIC" : {
					"ELGI_CA_ModelVariant" : ["Unassigned","EGRD 010 CC","EGRD 020 CC","EGRD 030 CC","EGRD 040 CC","EGRD 060 CC","EGRD 080 CC","EGRD 100 CC","EGRD 150 CC","EGRD 175 CC","EGRD 200 CC","EGRD 275 CC","EGRD 350 CC","EGRD 450 CC","EGRD 500 CC","EGRD 550 CC","EGRD 175 CC","EGRD 200 CC","EGRD 275 CC","EGRD 350 CC","EGRD 450 CC","EGRD 500 CC","EGRD 550 CC"]
				},
				"VAR" : {
					"ELGI_CA_ModelVariant" : ["Unassigned","VAR 500-16","VAR 1000-16","VAR 250","VAR 500-7","VAR 500-10","VAR 500-12.5","VAR 750","VAR 1000-7","VAR 1000-10","VAR 1000-12.5","VAR 1500-7","VAR 1500-10","VAR 1500-12.5","VAR 2000-7","VAR 2000-10","VAR 2000-12.5","VAR 3000-7","VAR 3000-10","VAR 3000-12.5","VAR 4000","VAR 5000","VAR 8000","VAR 10000"]
				},
				"INTERNAL DRAIN" : {
					"ELGI_CA_ModelVariant" : ["Unassigned","AS 0015","AS 0060","AS 0120","AS 0180","AS 0350","AS 0700","AS 1300"]
				},
				"EXTERNAL DRAIN" : {
					"ELGI_CA_ModelVariant" :  ["Unassigned","AS 0015P","AS 0060P","AS 0120P","AS 0180P","AS 0350P","AS 0700P","AS 1300P"]
				},
				"ES CYCLIC - AC" : {
					"ELGI_CA_ModelVariant" : ["Unassigned","AR 0120P","AR 0180P","AR 0220P","AR 0290P","AR 0370P","AR 0550P","AR 0710P","AR 0790P","AR 1060P","AR 1470P","AR 1630P","AR 1960P","AR 2300P","AR 2990P","AR 3440P","AR 4110P","AR 4640P","AR 6300P","AR 6180P","AR 7360P","AR 0100P","AR 0125P","AR 0140P","AR 0175P","AR 0200P","AR 0250P","AR 0350P","AR 0425P","AR 0550P","AR 0700P","AR 0900P","AR 1100P","AR 1350P","AR 1500P","AR 2000P","AR 2350P","AR 2750P","AR 3000P","AR 3600P","AR 4000P","AR 5000P"]
				},
				"ES CYCLIC - WC" : {
					"ELGI_CA_ModelVariant" : ["Unassigned","AR 0550P","AR 0700P","AR 0900P","AR 1100P","AR 1350P","AR 1500P","AR 2000P","AR 2350P","AR 2750P","AR 3000P","AR 0790P","AR 1060P","AR 1470P","AR 1630P","AR 1960P","AR 2300P","AR 2990P"]
				},
				"INTERNAL HRS" : {
					"ELGI_CA_ModelVariant" : ["Unassigned","IHR 55A","IHR 75A","IHR 90-P","IHR 110-P","IHR 132-P","IHR 160-P","IHR 200","IHR 250","AE 55 I - A","AE 75 I - A","AE 90 I - A","AE 110 I - A","AE 132 I - A","AE 160 I - A","AE 200 I - A","AE 250 I - A","AE 200 I","AE 250 I","AE 90 I - P","AE 110 I - P","AE 132 I - P","AE 160 I - P","AE 90 I - SP","AE 110 I - SP","AE 132 I - SP","AE 160 I - SP","EG 45A","IHR 45A","AE 45I-A","AE 11 I - PM","AE 15 I - PM","AE 18 I - PM","AE 22 I - PM","AE 30 I - PM","AE 30X I - PM","AE 37 I - PM","AE 45 I - PM","AE 11 I - A","AE 15 I - A","AE 18 I - A","AE 22 I - A","AE 30 I - A","AE 37 I - A","AE 45 I - A","AE 18 I - PM 13bar.g"," AE 22 I - PM 13bar.g"]
				},
				"INTERNAL HRS EG-AC" : {
					"ELGI_CA_ModelVariant" : ["Unassigned","IHR 55A","IHR 75A","IHR 90-P","IHR 110-P","IHR 132-P","IHR 160-P","IHR 200","IHR 250","AE 55 I - A","AE 75 I - A","AE 90 I - A","AE 110 I - A","AE 132 I - A","AE 160 I - A","AE 200 I - A","AE 250 I - A","AE 200 I","AE 250 I","AE 90 I - P","AE 110 I - P","AE 132 I - P","AE 160 I - P","AE 90 I - SP","AE 110 I - SP","AE 132 I - SP","AE 160 I - SP","EG 45A","IHR 45A","AE 45I-A","AE 11 I - PM","AE 15 I - PM","AE 18 I - PM","AE 22 I - PM","AE 30 I - PM","AE 30X I - PM","AE 37 I - PM","AE 45 I - PM","AE 11 I - A","AE 15 I - A","AE 18 I - A","AE 22 I - A","AE 30 I - A","AE 37 I - A","AE 45 I - A","AE 18 I - PM 13bar.g"," AE 22 I - PM 13bar.g"]
				},
				"SIERRA GATEWAY" : {
					"ELGI_CA_ModelVariant" : ["Unassigned","Kit for NEURON III","Kit for NEURON IV","ELGi GSM","Ethernet","ELGI Wifi"]
				},
				"GSM GATEWAY" : {
					"ELGI_CA_ModelVariant" : ["Unassigned","Kit for NEURON III","Kit for NEURON IV","ELGi GSM","Ethernet","ELGI Wifi"]
				},
				"ELGI GATEWAY" : {
					"ELGI_CA_ModelVariant" : ["Unassigned","Kit for NEURON III","Kit for NEURON IV","ELGi GSM","Ethernet","ELGI Wifi"]
				},
				"Other" : {
					"ELGI_CA_ModelVariant" : ["Unassigned"]
				}
				
			},
			"loadProductSeries" : {
				"AIR ALERT" : {
					"ELGI_CA_FeatureVariant"	: ["Unassigned","SIERRA GATEWAY","GSM GATEWAY","ELGI GATEWAY"]
				},
				"CONDENSATE MGNT" : {
					"ELGI_CA_FeatureVariant"	: ["Unassigned","OIL WATER SEPARATOR","LEVEL SENSING DRAIN","TIMER DRAIN"]
				},
				"DESICCANT AIR DRYER" : {
					"ELGI_CA_FeatureVariant"	: ["Unassigned","HEATLESS AIR DRYER","HOC AIR DRYER","HBR AIR DRYER"]
				},
				"DOWN STREAM FILTERS" : {
					"ELGI_CA_FeatureVariant"	: ["Unassigned","PFE","FFE","CFE","PRE","CARBON","FINE"]
				},
				"ENERGY MANAGEMENT" : {
					"ELGI_CA_FeatureVariant"	: ["Unassigned","VFD","HEAT RECOVERY SYSTEM","INTERNAL HRS","INTERNAL HRS EG-AC"]
				},
				"REF.AIR DRYER" : {
					"ELGI_CA_FeatureVariant"	: ["Unassigned","ELRD","EGRD","ELRD - AC","EGRD - AC","ELRD - WC","EGRD - WC","ES CYCLIC - AC","ES CYCLIC – WC"]
				},
				"REF.AIR DRYER – WC" : {
					"ELGI_CA_FeatureVariant"	: ["Unassigned","EGRD-VFD"]
				},
				"REF.AIR DRYER – AC" : {
					"ELGI_CA_FeatureVariant"	: ["Unassigned","EGRD-CYCLIC", "EGRD-VFD"]
				},
				"MOISTURE SEPARATORS" : {
					"ELGI_CA_FeatureVariant"	: ["Unassigned","INTERNAL DRAIN", "EXTERNAL DRAIN"]
				},
				"AIR RECIEVER" : {
					"ELGI_CA_FeatureVariant"	: ["Unassigned","VAR"]
				},
				"AIRMATE FILTERS" : {
					"ELGI_CA_FeatureVariant"	: ["Unassigned","PRE","FINE","CARBON"]
				},
				"SPECIAL PIPING" : {
					"ELGI_CA_FeatureVariant"	: ["Unassigned","Air~Flo"]
				},
				"Other" : {
					"ELGI_CA_FeatureVariant" 	: ["Unassigned"]
				}
			},
			"loadCountry" : {
				"INDIA" : {
					"ELGI_CA_VoltageVariant"	: ["Unassigned","400V/50Hz","415V/50Hz","380V/50Hz"]
				},
				"ITALY" : {
					"ELGI_CA_VoltageVariant"	: ["Unassigned","400V/50Hz","415V/50Hz","380V/50Hz"]
				},
				"CHINA" : {
					"ELGI_CA_VoltageVariant"	: ["Unassigned","400V/50Hz","415V/50Hz","380V/50Hz"]
				},
				"AUSTRALIA" : {
					"ELGI_CA_VoltageVariant"	: ["Unassigned","400V/50Hz","415V/50Hz","380V/50Hz"]
				},
				"CANADA" : {
					"ELGI_CA_VoltageVariant"	:  ["Unassigned","575V/60Hz"]
				},
				"BRAZIL" : {
					"ELGI_CA_VoltageVariant"	: ["Unassigned","220V/60Hz","380V/60Hz","440V/60Hz","230V/60Hz","460V/60Hz"]
				},
				"SAUDI" : {
					"ELGI_CA_VoltageVariant"	: ["Unassigned","220V/60Hz","380V/60Hz","440V/60Hz","230V/60Hz","460V/60Hz"]
				},
				"USA" : {
					"ELGI_CA_VoltageVariant"	: ["Unassigned","208-230V/60Hz","460V/60Hz","208-230/460V/60Hz","110-240V 50/60Hz","575V/60Hz","200V/60Hz","115V/60Hz","230V/60Hz"]
				},
				"Other" : {
					"ELGI_CA_VoltageVariant" : ["Unassigned"]
				}
				
			}
		}
      }
    }
  ]
}