{
  "Classes": [
    {
      "41-OilFreeScrewCompressor-OFSAC": {
        "Attributes": [
          {
            "ELGI_CA_ModelVariant": {
										"IsRange" :  "True",
										"Range"   : ["Unassigned"],
										"Default" : "Unassigned"
									},
			"ELGI_CA_FeatureVariant": {
										"IsRange" :  "True",
										"Range"   : ["Unassigned"],
										"Default" : "Unassigned"
									},
			"ELGI_CA_PressureVariant": {
										"IsRange" :  "True",
										"Range"   : ["Unassigned"],
										"Default" : "Unassigned"
									},
			"ELGI_CA_VoltageVariant": {
										"IsRange" :  "True",
										"Range"   : ["Unassigned"],
										"Default" : "Unassigned"
									},
			 "ELGI_CA_CoolingType": {
										"IsRange" :  "True",
										"Range"   : ["Unassigned"],
										"Default" : "Unassigned"
									},
            "ELGI_CA_ProductSegment": {
										"IsRange" :  "True",
										"Range"   : ["Unassigned","DRY SCREW","AB SERIES"],
										"Default" : "Unassigned",
										"onChange": "loadProductSegment"
									 },
			"ELGI_CA_Country"		: {
										"IsRange" :  "True",
										"Range"   : ["Unassigned","INDIA","FRANCE","ITALY","CHINA","USA","BRAZIL","SAUDI","AUSTRALIA","SPAIN","MIDDLEEAST","SEA60HZ","SEA50HZ","TAIWAN","SINGAPORE","NSDINDIA","NSDUSA","NSDSAUDI","NSDBRAZIL","NSDCHINA","CANADA","NSDAUSTRALIA","NSDITALY"],
										"Default" : "Unassigned",
										"onChange": "loadCountry"
									 },
			"ELGI_CA_ProductSeries": {
										"IsRange" :  "True",
										"Range"   : ["Unassigned"],
										"Default" : "Unassigned",
										"onChange": "loadProductSeries"
									 }
          }
        ],
		"onChange":{
			"loadProductSegment" : {
				"DRY SCREW" : {
					"ELGI_CA_ProductSeries" :  ["Unassigned","NORMAL PRESSURE","LOW PRESSURE","THREE STAGE","TWO STAGE"],
					"ELGI_CA_ModelVariant" :   ["Unassigned","OF 22A","OF 37A","OF 45A","OF 55A","OF 75A","OF 90","OF 90A","OF 110","OF 110A","OF 135","OF 135A","OF 132A","OF 160A","OF 145","OF 145A","OF 170","OF 170A","OF 200","OF 200A","OF 200E","OF 210","OF 210A","OF 250","OF 250A","OF 265","OF 265A","OF 275","OF 275A","OF 300","OF 300A","OF 355","OF 400","OF 450","OF 132","OF 160","OF 90H","OF 110P","OF 132P","OF 110H","OF 132H","OF 132PH","OF 145H","OF 160H","OF 132PA","OF 90L","OF 110L","OF 132L","OF 160L","OF 200L","OF 250L","OF 315L","OF 90LA","OF 110LA","OF 132LA","OF 145LA","OF 160LA","OF 200LA","OF 210LA","OF 250LA","OF 265LA","OF 275LA","OF 300LA","OF 315LA"]
				},
				"AB SERIES" : {
					"ELGI_CA_ProductSeries" :  ["Unassigned","NORMAL PRESSURE","LOW PRESSURE","THREE STAGE","TWO STAGE"],
					"ELGI_CA_ModelVariant" :   ["Unassigned","AB 4","AB 5","AB 7","AB 11","AB 15","AB 18","AB 22","AB 30","AB 37","AB 45","AB 55","AB 75","AB 90","AB 110"]
				},
				"Other" : {
					"ELGI_CA_ProductSeries" : ["Unassigned"],
					"ELGI_CA_ModelVariant" : ["Unassigned"]
				}
				
			},
			"loadProductSeries" : {
				"NORMAL PRESSURE" : {
					"ELGI_CA_CoolingType" : ["Unassigned","AIR COOLED","WATER COOLED"],
					"ELGI_CA_FeatureVariant" : ["Unassigned","STD VERSION","STD + VFD","STD + DRYER","STD + 20% VFD","STD + VFD + DRYER","STD + HRS","STD + VFD + HRS"]
				},
				"LOW PRESSURE" : {
					"ELGI_CA_CoolingType" : ["Unassigned","AIR COOLED","WATER COOLED"],
					"ELGI_CA_FeatureVariant" : ["Unassigned","STD VERSION","STD + VFD","STD + DRYER","STD + 20% VFD","STD + VFD + DRYER","STD + HRS","STD + VFD + HRS"]
				},
				"Other" : {
					"ELGI_CA_CoolingType" : ["Unassigned"],
					"ELGI_CA_FeatureVariant" : ["Unassigned"]
				}
				
			},
			"loadCountry" : {
				"INDIA" : {
					"ELGI_CA_VoltageVariant" : ["Unassigned","400V/50Hz","415V/50Hz","380V/50Hz","230V/50Hz","110V DC","5 - 32V DC","4.6 - 5.5 V DC"],
					"ELGI_CA_PressureVariant": ["Unassigned","1.5 bar.g","2 bar.g","2.5 bar.g","3 bar.g","3.3 bar.g","3.5 bar.g","4 bar.g","4.5 bar.g","5 bar.g","5.5 bar.g","6 bar.g","6.5 bar.g","7 bar.g","7.5 bar.g","8 bar.g","8.5 bar.g","8.8 bar.g","9 bar.g","10 bar.g","12 bar.g","13 bar.g"]
				},
				"FRANCE" : {
					"ELGI_CA_VoltageVariant" : ["Unassigned","400V/50Hz","415V/50Hz","380V/50Hz","230V/50Hz","110V DC","5 - 32V DC","4.6 - 5.5 V DC"],
					"ELGI_CA_PressureVariant": ["Unassigned","1.5 bar.g","2 bar.g","2.5 bar.g","3 bar.g","3.3 bar.g","3.5 bar.g","4 bar.g","4.5 bar.g","5 bar.g","5.5 bar.g","6 bar.g","6.5 bar.g","7 bar.g","7.5 bar.g","8 bar.g","8.5 bar.g","8.8 bar.g","9 bar.g","10 bar.g","12 bar.g","13 bar.g"]
				},
				"NSDINDIA" : {
					"ELGI_CA_VoltageVariant" : ["Unassigned","400V/50Hz","415V/50Hz","380V/50Hz","230V/50Hz","110V DC","5 - 32V DC","4.6 - 5.5 V DC"],
					"ELGI_CA_PressureVariant": ["Unassigned","1.5 bar.g","2 bar.g","2.5 bar.g","3 bar.g","3.3 bar.g","3.5 bar.g","4 bar.g","4.5 bar.g","5 bar.g","5.5 bar.g","6 bar.g","6.5 bar.g","7 bar.g","7.5 bar.g","8 bar.g","8.5 bar.g","8.8 bar.g","9 bar.g","10 bar.g","12 bar.g","13 bar.g"]
				},
				"AUSTRALIA" : {
					"ELGI_CA_VoltageVariant" : ["Unassigned","400V/50Hz","415V/50Hz","380V/50Hz","230V/50Hz","110V DC","5 - 32V DC","4.6 - 5.5 V DC"],
					"ELGI_CA_PressureVariant": ["Unassigned","1.5 bar.g","2 bar.g","2.5 bar.g","3 bar.g","3.3 bar.g","3.5 bar.g","4 bar.g","4.5 bar.g","5 bar.g","5.5 bar.g","6 bar.g","6.5 bar.g","7 bar.g","7.5 bar.g","8 bar.g","8.5 bar.g","8.8 bar.g","9 bar.g","10 bar.g","12 bar.g","13 bar.g"]
				},
				"NSDAUSTRALIA" : {
					"ELGI_CA_VoltageVariant" : ["Unassigned","400V/50Hz","415V/50Hz","380V/50Hz","230V/50Hz","110V DC","5 - 32V DC","4.6 - 5.5 V DC"],
					"ELGI_CA_PressureVariant": ["Unassigned","1.5 bar.g","2 bar.g","2.5 bar.g","3 bar.g","3.3 bar.g","3.5 bar.g","4 bar.g","4.5 bar.g","5 bar.g","5.5 bar.g","6 bar.g","6.5 bar.g","7 bar.g","7.5 bar.g","8 bar.g","8.5 bar.g","8.8 bar.g","9 bar.g","10 bar.g","12 bar.g","13 bar.g"]
				},
				"ITALY" : {
					"ELGI_CA_VoltageVariant" : ["Unassigned","400V/50Hz","415V/50Hz","380V/50Hz","230V/50Hz","110V DC","5 - 32V DC","4.6 - 5.5 V DC"],
					"ELGI_CA_PressureVariant": ["Unassigned","1.5 bar.g","2 bar.g","2.5 bar.g","3 bar.g","3.3 bar.g","3.5 bar.g","4 bar.g","4.5 bar.g","5 bar.g","5.5 bar.g","6 bar.g","6.5 bar.g","7 bar.g","7.5 bar.g","8 bar.g","8.5 bar.g","8.8 bar.g","9 bar.g","10 bar.g","12 bar.g","13 bar.g"]
				},
				"NSDITALY" : {
					"ELGI_CA_VoltageVariant" : ["Unassigned","400V/50Hz","415V/50Hz","380V/50Hz","230V/50Hz","110V DC","5 - 32V DC","4.6 - 5.5 V DC"],
					"ELGI_CA_PressureVariant": ["Unassigned","1.5 bar.g","2 bar.g","2.5 bar.g","3 bar.g","3.3 bar.g","3.5 bar.g","4 bar.g","4.5 bar.g","5 bar.g","5.5 bar.g","6 bar.g","6.5 bar.g","7 bar.g","7.5 bar.g","8 bar.g","8.5 bar.g","8.8 bar.g","9 bar.g","10 bar.g","12 bar.g","13 bar.g"]
				},
				"SEA50HZ" : {
					"ELGI_CA_VoltageVariant" : ["Unassigned","400V/50Hz","415V/50Hz","380V/50Hz","230V/50Hz","110V DC","5 - 32V DC","4.6 - 5.5 V DC"],
					"ELGI_CA_PressureVariant": ["Unassigned","1.5 bar.g","2 bar.g","2.5 bar.g","3 bar.g","3.3 bar.g","3.5 bar.g","4 bar.g","4.5 bar.g","5 bar.g","5.5 bar.g","6 bar.g","6.5 bar.g","7 bar.g","7.5 bar.g","8 bar.g","8.5 bar.g","8.8 bar.g","9 bar.g","10 bar.g","12 bar.g","13 bar.g"]
				},
				"NSDUSA" : {
					"ELGI_CA_VoltageVariant" : ["Unassigned","208-230V/60Hz","460V/60Hz","208-230/460V/60Hz","110-240V 50/60Hz","575V/60Hz","200V/60Hz","115V/60Hz","230V/60Hz"],
					"ELGI_CA_PressureVariant": ["Unassigned","1.5 bar.g","2 bar.g","2.5 bar.g","3 bar.g","3.3 bar.g","3.5 bar.g","4 bar.g","4.5 bar.g","5 bar.g","5.5 bar.g","6 bar.g","6.5 bar.g","7 bar.g","7.5 bar.g","8 bar.g","8.5 bar.g","8.8 bar.g","9 bar.g","10 bar.g","12 bar.g","13 bar.g"]
				},
				"USA" : {
					"ELGI_CA_VoltageVariant" : ["Unassigned","208-230V/60Hz","460V/60Hz","208-230/460V/60Hz","110-240V 50/60Hz","575V/60Hz","200V/60Hz","115V/60Hz","230V/60Hz"],
				    "ELGI_CA_PressureVariant": ["Unassigned","21.75 psi.g","29.01 psi.g","36.26 psi.g","43.51 psi.g","50.76 psi.g","100 psi.g","115 psi.g","125 psi.g","145 psi.g","150 psi.g","175 psi.g"]
				},
				"NSDSAUDI" : {
					"ELGI_CA_VoltageVariant" : ["Unassigned","220V/60Hz","380V/60Hz","440V/60Hz","230V/60Hz","460V/60Hz"],
					"ELGI_CA_PressureVariant": ["Unassigned","1.5 bar.g","2 bar.g","2.5 bar.g","3 bar.g","3.3 bar.g","3.5 bar.g","4 bar.g","4.5 bar.g","5 bar.g","5.5 bar.g","6 bar.g","6.5 bar.g","7 bar.g","7.5 bar.g","8 bar.g","8.5 bar.g","8.8 bar.g","9 bar.g","10 bar.g","12 bar.g","13 bar.g"]
				},
				"SAUDI" : {
					"ELGI_CA_VoltageVariant" : ["Unassigned","220V/60Hz","380V/60Hz","440V/60Hz","230V/60Hz","460V/60Hz"],
					"ELGI_CA_PressureVariant": ["Unassigned","1.5 bar.g","2 bar.g","2.5 bar.g","3 bar.g","3.3 bar.g","3.5 bar.g","4 bar.g","4.5 bar.g","5 bar.g","5.5 bar.g","6 bar.g","6.5 bar.g","7 bar.g","7.5 bar.g","8 bar.g","8.5 bar.g","8.8 bar.g","9 bar.g","10 bar.g","12 bar.g","13 bar.g"]
				},
				"NSDBRAZIL" : {
					"ELGI_CA_VoltageVariant" : ["Unassigned","220V/60Hz","380V/60Hz","440V/60Hz","230V/60Hz","460V/60Hz"],
					"ELGI_CA_PressureVariant": ["Unassigned","1.5 bar.g","2 bar.g","2.5 bar.g","3 bar.g","3.3 bar.g","3.5 bar.g","4 bar.g","4.5 bar.g","5 bar.g","5.5 bar.g","6 bar.g","6.5 bar.g","7 bar.g","7.5 bar.g","8 bar.g","8.5 bar.g","8.8 bar.g","9 bar.g","10 bar.g","12 bar.g","13 bar.g"]
				},
				"BRAZIL" : {
					"ELGI_CA_VoltageVariant" : ["Unassigned","220V/60Hz","380V/60Hz","440V/60Hz","230V/60Hz","460V/60Hz"],
					"ELGI_CA_PressureVariant": ["Unassigned","21.75 psi.g","29.01 psi.g","36.26 psi.g","43.51 psi.g","50.76 psi.g","100 psi.g","115 psi.g","125 psi.g","145 psi.g","150 psi.g","175 psi.g"]
				},
				"CHINA" : {
					"ELGI_CA_VoltageVariant" : ["Unassigned","400V/50Hz","415V/50Hz","380V/50Hz","230V/50Hz","110V DC","5 - 32V DC","4.6 - 5.5 V DC"],
					"ELGI_CA_PressureVariant": ["Unassigned","1.5 bar.g","2 bar.g","2.5 bar.g","3 bar.g","3.3 bar.g","3.5 bar.g","4 bar.g","4.5 bar.g","5 bar.g","5.5 bar.g","6 bar.g","6.5 bar.g","7 bar.g","7.5 bar.g","8 bar.g","8.5 bar.g","8.8 bar.g","9 bar.g","10 bar.g","12 bar.g","13 bar.g"]
				},
				"NSDCHINA" : {
					"ELGI_CA_VoltageVariant" : ["Unassigned","400V/50Hz","415V/50Hz","380V/50Hz","230V/50Hz","110V DC","5 - 32V DC","4.6 - 5.5 V DC"],
					"ELGI_CA_PressureVariant": ["Unassigned","1.5 bar.g","2 bar.g","2.5 bar.g","3 bar.g","3.3 bar.g","3.5 bar.g","4 bar.g","4.5 bar.g","5 bar.g","5.5 bar.g","6 bar.g","6.5 bar.g","7 bar.g","7.5 bar.g","8 bar.g","8.5 bar.g","8.8 bar.g","9 bar.g","10 bar.g","12 bar.g","13 bar.g"]
				},
				"CANADA" : {
					"ELGI_CA_VoltageVariant" : ["Unassigned","575V/60Hz"],
					"ELGI_CA_PressureVariant": ["Unassigned","21.75 psi.g","29.01 psi.g","36.26 psi.g","43.51 psi.g","50.76 psi.g","100 psi.g","115 psi.g","125 psi.g","145 psi.g","150 psi.g","175 psi.g"]
				},
				"Other" : {
					"ELGI_CA_FeatureVariant" : ["Unassigned"],
					"ELGI_CA_PressureVariant": ["Unassigned","1.5 bar.g","2 bar.g","2.5 bar.g","3 bar.g","3.3 bar.g","3.5 bar.g","4 bar.g","4.5 bar.g","5 bar.g","5.5 bar.g","6 bar.g","6.5 bar.g","7 bar.g","7.5 bar.g","8 bar.g","8.5 bar.g","8.8 bar.g","9 bar.g","10 bar.g","12 bar.g","13 bar.g"]
				}
				
			}
		}
      }
    }
  ]
}