{
  "Classes": [
    {
      "02-ReciprocatingAirCompressor-RAC": {
        "Attributes": [
          {
            "ELGI_CA_PhaseVariant": {
										"IsRange" :  "True",
										"Range"   : ["Unassigned", "3 PHASE", "1 PHASE"],
										"Default" : "Unassigned"
									},
            "ELGI_CA_ProductSegment": {
										"IsRange" :  "True",
										"Range"   : ["Unassigned", "RECIPROCATING"],
										"Default" : "Unassigned",
										"onChange": "loadProductSegment"
									 },
			"ELGI_CA_Country"		: {
										"IsRange" :  "True",
										"Range"   : ["Unassigned","INDIA","BRAZIL","NSDINDIA","NSDUSA","NSDSAUDI","NSDBRAZIL","NSDCHINA","AUSTRALIA","MIDDLEEAST","ITALY","NSDITALY","SEA50HZ","NSDAUSTRALIA"],
										"Default" : "Unassigned",	
										"onChange" : "loadCountry"
									},
			"ELGI_CA_VoltageVariant": {
										"IsRange" :  "True",
										"Range"   : ["Unassigned"],
										"Default" : "Unassigned"
									 },
			"ELGI_CA_ProductSeries": {
										"IsRange" :  "True",
										"Range"   : ["Unassigned"],
										"Default" : "Unassigned"
									 }, 
			"ELGI_CA_LUBType": {
										"IsRange" :  "True",
										"Range"   : ["Unassigned","OIL LUBRICATED","OIL FREE"],
										"Default" : "Unassigned"
									 }, 
			"ELGI_CA_MountingType": {
										"IsRange" :  "True",
										"Range"   : ["Unassigned","BASE MOUNTED","TANK MOUNTED"],
										"Default" : "Unassigned"
									 }, 
			"ELGI_CA_DriveType": {
										"IsRange" :  "True",
										"Range"   : ["Unassigned","BELT DRIVE","DIRECT DRIVE","WITH OUT ELECTRICAL"],
										"Default" : "Unassigned"
									 }, 
			"ELGI_CA_PowerVariant": {
										"IsRange" :  "True",
										"Range"   : ["Unassigned","0.5 hp","1 hp","1.5 hp","2 hp","3 hp","5 hp","7.5 hp","10 hp","12 hp","14 hp","15 hp","20 hp","25 hp","30 hp","40 hp","50 hp","60 hp","66 hp"],
										"Default" : "Unassigned"
									 }, 
			"ELGI_CA_PressureVariant": {
										"IsRange" :  "True",
										"Range"   : ["Unassigned","7 bar.g","8 bar.g","8.5 barg.g","9 bar.g","10 bar.g","10.5 bar.g","12 bar.g","20 bar.g","25 bar.g","30 bar.g","33 bar.g","40 bar.g","60 bar.g"],
										"Default" : "Unassigned"
									 },
			"ELGI_CA_FeatureVariant": {
										"IsRange" :  "True",
										"Range"   : ["Unassigned","SINGLE STAGE","TWO STAGE","HIGH PRESSURE","SUPER PRESSURE","BORE WELL","HIGH PRESSURE-PET"],
										"Default" : "Unassigned"
									 }
          }
        ],
		"onChange":{
			"loadProductSegment" : {
				"RECIPROCATING" : {
					"ELGI_CA_ProductSeries" : ["Unassigned","INDUSTRIAL"]
				},
				"Other" : {
					"ELGI_CA_ProductSeries" : ["Unassigned"]
				}
				
			},
			"loadCountry" : {
				"INDIA" : {
					"ELGI_CA_VoltageVariant" : ["Unassigned","400V/50Hz","415V/50Hz","380V/50Hz","230V/50Hz","110V DC","5 - 32V DC","4.6 - 5.5 V DC"]
				},
				"NSDINDIA" : {
					"ELGI_CA_VoltageVariant" : ["Unassigned","400V/50Hz","415V/50Hz","380V/50Hz","230V/50Hz","110V DC","5 - 32V DC","4.6 - 5.5 V DC"]
				},
				"AUSTRALIA" : {
					"ELGI_CA_VoltageVariant" : ["Unassigned","400V/50Hz","415V/50Hz","380V/50Hz","230V/50Hz","110V DC","5 - 32V DC","4.6 - 5.5 V DC"]
				},
				"NSDAUSTRALIA" : {
					"ELGI_CA_VoltageVariant" : ["Unassigned","400V/50Hz","415V/50Hz","380V/50Hz","230V/50Hz","110V DC","5 - 32V DC","4.6 - 5.5 V DC"]
				},
				"ITALY" : {
					"ELGI_CA_VoltageVariant" : ["Unassigned","400V/50Hz","415V/50Hz","380V/50Hz","230V/50Hz","110V DC","5 - 32V DC","4.6 - 5.5 V DC"]
				},
				"NSDITALY" : {
					"ELGI_CA_VoltageVariant" : ["Unassigned","400V/50Hz","415V/50Hz","380V/50Hz","230V/50Hz","110V DC","5 - 32V DC","4.6 - 5.5 V DC"]
				},
				"SEA50HZ" : {
					"ELGI_CA_VoltageVariant" : ["Unassigned","400V/50Hz","415V/50Hz","380V/50Hz","230V/50Hz","110V DC","5 - 32V DC","4.6 - 5.5 V DC"]
				},
				"MIDDLEEAST" : {
					"ELGI_CA_VoltageVariant" : ["Unassigned","400V/50Hz","415V/50Hz","380V/50Hz","230V/50Hz","110V DC","5 - 32V DC","4.6 - 5.5 V DC"]
				},
				"NSDUSA" : {
					"ELGI_CA_VoltageVariant" : ["Unassigned","208-230V/60Hz","460V/60Hz","208-230/460V/60Hz","110-240V 50/60Hz","575V/60Hz","200V/60Hz","115V/60Hz","230V/60Hz"]
				},
				"NSDSAUDI" : {
					"ELGI_CA_VoltageVariant" : ["Unassigned","220V/60Hz","380V/60Hz","440V/60Hz","230V/60Hz","460V/60Hz"]
				},
				"NSDBRAZIL" : {
					"ELGI_CA_VoltageVariant" : ["Unassigned","220V/60Hz","380V/60Hz","440V/60Hz","230V/60Hz","460V/60Hz"]
				},
				"BRAZIL" : {
					"ELGI_CA_VoltageVariant" : ["Unassigned","220V/60Hz","380V/60Hz","440V/60Hz","230V/60Hz","460V/60Hz"]
				},
				"NSDCHINA" : {
					"ELGI_CA_VoltageVariant" : ["Unassigned","400V/50Hz","415V/50Hz","380V/50Hz","230V/50Hz","110V DC","5 - 32V DC","4.6 - 5.5 V DC"]
				},
				"Other" : {
					"ELGI_CA_FeatureVariant" : ["Unassigned"]
				}
				
			}
		}
      }
    }
  ]
}