{
  "Classes": [
    {
      "07-RailwayProducts-RLY": {
        "Attributes": [
          {
			"ELGI_CA_FeatureVariant": {
										"IsRange" :  "True",
										"Range"   : ["Unassigned"],
										"Default" : "Unassigned"
									},
			"ELGI_CA_LocoSegment": 	{
										"IsRange" :  "True",
										"Range"   : ["Unassigned"],
										"Default" : "Unassigned",
										"onChange": "loadLocoSegment"
									},
            "ELGI_CA_ProductSegment": {
										"IsRange" :  "True",
										"Range"   : ["Unassigned","RAILWAY"],
										"Default" : "Unassigned",
										"onChange": "loadProductSegment"
									 },
			"ELGI_CA_Country"		: {
										"IsRange" :  "True",
										"Range"   : ["Unassigned","INDIA","BRAZIL","NSDINDIA","NSDUSA","NSDSAUDI","NSDBRAZIL","NSDCHINA","AUSTRALIA","MIDDLEEAST","ITALY","NSDITALY","SEA50HZ","NSDAUSTRALIA"],
										"Default" : "Unassigned",
										"onChange": "loadCountry"
									 },
			"ELGI_CA_ProductSeries": {
										"IsRange" :  "True",
										"Range"   : ["Unassigned"],
										"Default" : "Unassigned",
										"onChange": "loadProductSeries"
									 }
          }
        ],
		"onChange":{
			"loadProductSegment" : {
				"RAILWAY" : {
					"Dependent_Attributes" : [
						[
							{
								"AttributesToCheck.ELGI_CA_Country"	: ["INDIA"],
								"AttributesToChange.ELGI_CA_ProductSeries" :  ["Unassigned","3 PH ELEC LOCO","AGU","AGTU","DIESEL LOCO","MULTIPLE UNITS","METRO","AUX COMP","AIR DRYER","PNEUMATIC WIPER","ELECTRIC WIPER","PNEUMATIC HORN"]
							},
							{
								"AttributesToCheck.ELGI_CA_Country"	: ["OTHER_VALUES"],
								"AttributesToChange.ELGI_CA_ProductSeries" :  ["Unassigned"]
							}
						]
					]
				},
				"Other" : {
					"ELGI_CA_ProductSeries" : ["Unassigned"]
				}
				
			},
			"loadProductSeries" : {
				"AGU" : {
					"ELGI_CA_LocoSegment"	:	["Unassigned","3 PH ELEC LOCO","CONV ELEC LOCO","DIESEL LOCO","MULTIPLE UNITS","METRO"],
					"Dependent_Attributes" : [
						[
							{
								"AttributesToCheck.ELGI_CA_LocoSegment" : ["3 PH ELEC LOCO"],
								"AttributesToChange.ELGI_CA_FeatureVariant" :	["Unassigned", "OIL LUBRICATED", "OIL FREE"]
							},
							{
								"AttributesToCheck.ELGI_CA_LocoSegment" : ["CONV ELEC LOCO"],
								"AttributesToChange.ELGI_CA_FeatureVariant" :	["Unassigned", "OIL LUBRICATED"]
							},
							{
								"AttributesToCheck.ELGI_CA_LocoSegment" : ["DIESEL LOCO"],
								"AttributesToChange.ELGI_CA_FeatureVariant" :	["Unassigned",  "AIR COOLED", "WATER COOLED"]
							},
							{
								"AttributesToCheck.ELGI_CA_LocoSegment" : ["MULTIPLE UNITS"],
								"AttributesToChange.ELGI_CA_FeatureVariant" :	["Unassigned",  "OIL LUBRICATED"]
							},
							{
								"AttributesToCheck.ELGI_CA_LocoSegment" : ["METRO"],
								"AttributesToChange.ELGI_CA_FeatureVariant" :	["Unassigned",  "OIL FREE"]
							},
							{
								"AttributesToCheck.ELGI_CA_LocoSegment" : ["OTHER_VALUES"],
								"AttributesToChange.ELGI_CA_FeatureVariant" :	["Unassigned"]
							}
						]
					]
				},
				"AGTU" : {
					"ELGI_CA_LocoSegment"	:	["Unassigned","MULTIPLE UNITS","METRO"],
					"Dependent_Attributes" : [
						[
							{
								"AttributesToCheck.ELGI_CA_LocoSegment" : ["METRO","MULTIPLE UNITS"],
								"AttributesToChange.ELGI_CA_FeatureVariant" :	["Unassigned", "OIL LUBRICATED", "OIL FREE"]
							},
							{
								"AttributesToCheck.ELGI_CA_LocoSegment" : ["OTHER_VALUES"],
								"AttributesToChange.ELGI_CA_FeatureVariant" :	["Unassigned"]
							}
						]
					]
				},
				"AUX COMP" : {
					"ELGI_CA_LocoSegment"	:	["Unassigned","ELEC LOCO","MULTIPLE UNITS"],
					"Dependent_Attributes" : [
						[
							{
								"AttributesToCheck.ELGI_CA_LocoSegment" : ["ELEC LOCO","MULTIPLE UNITS"],
								"AttributesToChange.ELGI_CA_FeatureVariant" :	["Unassigned", "OIL LUBRICATED"]
							},
							{
								"AttributesToCheck.ELGI_CA_LocoSegment" : ["OTHER_VALUES"],
								"AttributesToChange.ELGI_CA_FeatureVariant" :	["Unassigned"]
							}
						]
					]
				},
				"AIR DRYER" : {
					"ELGI_CA_LocoSegment"	:	["Unassigned","ELEC LOCO","MULTIPLE UNITS"],
					"Dependent_Attributes" : [
						[
							{
								"AttributesToCheck.ELGI_CA_LocoSegment" : ["ELEC LOCO"],
								"AttributesToChange.ELGI_CA_FeatureVariant" :	["Unassigned", "ELEC LOCO"]
							},
							{
								"AttributesToCheck.ELGI_CA_LocoSegment" : ["MULTIPLE UNITS"],
								"AttributesToChange.ELGI_CA_FeatureVariant" :	["Unassigned", "MULTIPLE UNITS"]
							},
							{
								"AttributesToCheck.ELGI_CA_LocoSegment" : ["OTHER_VALUES"],
								"AttributesToChange.ELGI_CA_FeatureVariant" :	["Unassigned"]
							}
						]
					]
				},
				"PNEUMATIC WIPER" : {
					"ELGI_CA_LocoSegment"	:	["Unassigned","ELEC LOCO","DIESEL LOCO","MULTIPLE UNITS"],
					"Dependent_Attributes" : [
						[
							{
								"AttributesToCheck.ELGI_CA_LocoSegment" : ["ELEC LOCO","MULTIPLE UNITS", "DIESEL LOCO"],
								"AttributesToChange.ELGI_CA_FeatureVariant" :	["Unassigned", "RADIAL", "PANTOGRAPH"]
							},
							{
								"AttributesToCheck.ELGI_CA_LocoSegment" : ["OTHER_VALUES"],
								"AttributesToChange.ELGI_CA_FeatureVariant" :	["Unassigned"]
							}
						]
					]
				},
				"ELECTRIC WIPER" : {
					"ELGI_CA_LocoSegment"	:	["Unassigned","ELEC LOCO","DIESEL LOCO","MULTIPLE UNITS"],
					"Dependent_Attributes" : [
						[
							{
								"AttributesToCheck.ELGI_CA_LocoSegment" : ["ELEC LOCO","MULTIPLE UNITS", "DIESEL LOCO"],
								"AttributesToChange.ELGI_CA_FeatureVariant" :	["Unassigned", "RADIAL", "PANTOGRAPH"]
							},
							{
								"AttributesToCheck.ELGI_CA_LocoSegment" : ["OTHER_VALUES"],
								"AttributesToChange.ELGI_CA_FeatureVariant" :	["Unassigned"]
							}
						]
					]
				},
				"PNEUMATIC HORN" : {
					"ELGI_CA_LocoSegment"	:	["Unassigned","ELEC LOCO","DIESEL LOCO"],
					"Dependent_Attributes" : [
						[
							{
								"AttributesToCheck.ELGI_CA_LocoSegment" : ["ELEC LOCO", "DIESEL LOCO"],
								"AttributesToChange.ELGI_CA_FeatureVariant" :	["Unassigned", "SINGLE TONE", "DUAL TONE"]
							},
							{
								"AttributesToCheck.ELGI_CA_LocoSegment" : ["OTHER_VALUES"],
								"AttributesToChange.ELGI_CA_FeatureVariant" :	["Unassigned"]
							}
						]
					]
				},
				"Other" : {
					"ELGI_CA_FeatureVariant" : ["Unassigned", "SINGLE STAGE", "TWO STAGE"],
					"ELGI_CA_LocoSegment" : ["Unassigned"]
				}
			},
			"loadLocoSegment" : {
				"3 PH ELEC LOCO" : {
					"Dependent_Attributes"	: [
						[
							{
								"AttributesToCheck.ELGI_CA_ProductSeries" : ["AGU"],
								"AttributesToChange.ELGI_CA_FeatureVariant" :	["Unassigned", "OIL LUBRICATED", "OIL FREE"]
							},
							{
								"AttributesToCheck.ELGI_CA_ProductSeries" : ["Unassigned","AGTU", "PNEUMATIC WIPER", "ELECTRIC WIPER", "PNEUMATIC HORN", "AUX COMP", "AIR DRYER"],
								"AttributesToChange.ELGI_CA_FeatureVariant" :	["Unassigned"]
							},
							{
								"AttributesToCheck.ELGI_CA_ProductSeries" : ["OTHER_VALUES"],
								"AttributesToChange.ELGI_CA_FeatureVariant" :	["Unassigned", "SINGLE STAGE" ,"TWO STAGE"]
							}
						]
					]
				},
				"CONV ELEC LOCO" : {
					"Dependent_Attributes"	: [
						[
							{
								"AttributesToCheck.ELGI_CA_ProductSeries" : ["AGU"],
								"AttributesToChange.ELGI_CA_FeatureVariant" :	["Unassigned", "OIL LUBRICATED"]
							},
							{
								"AttributesToCheck.ELGI_CA_ProductSeries" : ["Unassigned","AGTU", "PNEUMATIC WIPER", "ELECTRIC WIPER", "PNEUMATIC HORN", "AUX COMP", "AIR DRYER"],
								"AttributesToChange.ELGI_CA_FeatureVariant" :	["Unassigned"]
							},
							{
								"AttributesToCheck.ELGI_CA_ProductSeries" : ["OTHER_VALUES"],
								"AttributesToChange.ELGI_CA_FeatureVariant" :	["Unassigned", "SINGLE STAGE" ,"TWO STAGE"]
							}
						]
					]
				},
				"DIESEL LOCO" : {
					"Dependent_Attributes"	: [
						[
							{
								"AttributesToCheck.ELGI_CA_ProductSeries" : ["AGU"],
								"AttributesToChange.ELGI_CA_FeatureVariant" :	["Unassigned", "AIR COOLED", "WATER COOLED"]
							},
							{
								"AttributesToCheck.ELGI_CA_ProductSeries" : ["PNEUMATIC WIPER", "ELECTRIC WIPER"],
								"AttributesToChange.ELGI_CA_FeatureVariant" :	["Unassigned", "RADIAL", "PANTOGRAPH"]
							},
							{
								"AttributesToCheck.ELGI_CA_ProductSeries" : ["PNEUMATIC HORN"],
								"AttributesToChange.ELGI_CA_FeatureVariant" :	["Unassigned", "SINGLE TONE", "DUAL TONE"]
							},
							{
								"AttributesToCheck.ELGI_CA_ProductSeries" : ["Unassigned","AGTU", "AUX COMP", "AIR DRYER"],
								"AttributesToChange.ELGI_CA_FeatureVariant" :	["Unassigned"]
							},
							{
								"AttributesToCheck.ELGI_CA_ProductSeries" : ["OTHER_VALUES"],
								"AttributesToChange.ELGI_CA_FeatureVariant" :	["Unassigned", "SINGLE STAGE" ,"TWO STAGE"]
							}
						]
					]
				},
				"MULTIPLE UNITS" : {
					"Dependent_Attributes"	: [
						[
							{
								"AttributesToCheck.ELGI_CA_ProductSeries" : ["AGU"],
								"AttributesToChange.ELGI_CA_FeatureVariant" :	["Unassigned", "OIL LUBRICATED"]
							},
							{
								"AttributesToCheck.ELGI_CA_ProductSeries" : ["AGTU"],
								"AttributesToChange.ELGI_CA_FeatureVariant" :	["Unassigned", "OIL LUBRICATED","OIL FREE"]
							},
							{
								"AttributesToCheck.ELGI_CA_ProductSeries" : ["AUX COMP"],
								"AttributesToChange.ELGI_CA_FeatureVariant" :	["Unassigned", "OIL LUBRICATED"]
							},
							{
								"AttributesToCheck.ELGI_CA_ProductSeries" : ["AIR DRYER"],
								"AttributesToChange.ELGI_CA_FeatureVariant" :	["Unassigned", "MULTIPLE UNITS"]
							},
							{
								"AttributesToCheck.ELGI_CA_ProductSeries" : ["PNEUMATIC WIPER", "ELECTRIC WIPER"],
								"AttributesToChange.ELGI_CA_FeatureVariant" :	["Unassigned", "RADIAL", "PANTOGRAPH"]
							},
							{
								"AttributesToCheck.ELGI_CA_ProductSeries" : ["Unassigned","PNEUMATIC HORN"],
								"AttributesToChange.ELGI_CA_FeatureVariant" :	["Unassigned"]
							},
							{
								"AttributesToCheck.ELGI_CA_ProductSeries" : ["OTHER_VALUES"],
								"AttributesToChange.ELGI_CA_FeatureVariant" :	["Unassigned", "SINGLE STAGE" ,"TWO STAGE"]
							}
						]
					]
				},
				"METRO" : {
					"Dependent_Attributes"	: [
						[
							{
								"AttributesToCheck.ELGI_CA_ProductSeries" : ["AGU"],
								"AttributesToChange.ELGI_CA_FeatureVariant" :	["Unassigned", "OIL FREE"]
							},
							{
								"AttributesToCheck.ELGI_CA_ProductSeries" : ["AGTU"],
								"AttributesToChange.ELGI_CA_FeatureVariant" :	["Unassigned", "OIL LUBRICATED","OIL FREE"]
							},
							{
								"AttributesToCheck.ELGI_CA_ProductSeries" : ["Unassigned","PNEUMATIC WIPER", "ELECTRIC WIPER", "PNEUMATIC HORN", "AUX COMP", "AIR DRYER"],
								"AttributesToChange.ELGI_CA_FeatureVariant" :	["Unassigned"]
							},
							{
								"AttributesToCheck.ELGI_CA_ProductSeries" : ["OTHER_VALUES"],
								"AttributesToChange.ELGI_CA_FeatureVariant" :	["Unassigned", "SINGLE STAGE" ,"TWO STAGE"]
							}
						]
					]
				},
				"ELEC LOCO" : {
					"Dependent_Attributes"	: [
						[
							{
								"AttributesToCheck.ELGI_CA_ProductSeries" : ["AUX COMP"],
								"AttributesToChange.ELGI_CA_FeatureVariant" :	["Unassigned", "OIL LUBRICATED"]
							},
							{
								"AttributesToCheck.ELGI_CA_ProductSeries" : ["AIR DRYER"],
								"AttributesToChange.ELGI_CA_FeatureVariant" :	["Unassigned", "ELEC LOCO"]
							},
							{
								"AttributesToCheck.ELGI_CA_ProductSeries" : ["PNEUMATIC WIPER", "ELECTRIC WIPER"],
								"AttributesToChange.ELGI_CA_FeatureVariant" :	["Unassigned", "RADIAL", "PANTOGRAPH"]
							},
							{
								"AttributesToCheck.ELGI_CA_ProductSeries" : ["PNEUMATIC HORN"],
								"AttributesToChange.ELGI_CA_FeatureVariant" :	["Unassigned", "SINGLE TONE", "DUAL TONE"]
							},
							{
								"AttributesToCheck.ELGI_CA_ProductSeries" : ["Unassigned","AGU","AGTU"],
								"AttributesToChange.ELGI_CA_FeatureVariant" :	["Unassigned"]
							},
							{
								"AttributesToCheck.ELGI_CA_ProductSeries" : ["OTHER_VALUES"],
								"AttributesToChange.ELGI_CA_FeatureVariant" :	["Unassigned", "SINGLE STAGE" ,"TWO STAGE"]
							}
						]
					]
				},
				"Other" : {
					"ELGI_CA_FeatureVariant" : ["Unassigned"]
				}
				
			},
			"loadCountry" : {
				"INDIA" : {
					"Dependent_Attributes"	: [
						[
							{
								"AttributesToCheck.ELGI_CA_ProductSegment" : ["RAILWAY"],
								"AttributesToChange.ELGI_CA_ProductSeries" :	["Unassigned","3 PH ELEC LOCO","AGU","AGTU","DIESEL LOCO","MULTIPLE UNITS","METRO","AUX COMP","AIR DRYER","PNEUMATIC WIPER","ELECTRIC WIPER","PNEUMATIC HORN"]
							},
							{
								"AttributesToCheck.ELGI_CA_ProductSeries" : ["OTHER_VALUES"],
								"AttributesToChange.ELGI_CA_ProductSeries" :["Unassigned"]
							}
						]
					]
				},
				"Other" : {
					"ELGI_CA_ProductSeries" : ["Unassigned"]
				}
				
			}
		}
      }
    }
  ]
}