{
  "Classes": [
    {
      "05-VacuumPumps": {
        "Attributes": [
          {
			"ELGI_CA_VoltageVariant": {
										"IsRange" :  "True",
										"Range"   : ["Unassigned","400V/50Hz","415V/50Hz","380V/50Hz","230V/50Hz","110V DC","5 - 32V DC","4.6 - 5.5 V DC"],
										"Default" : "Unassigned"
									},
            "ELGI_CA_ProductSegment": {
										"IsRange" :  "True",
										"Range"   : ["Unassigned", "Vacuum"],
										"Default" : "Unassigned"
									 },
			"ELGI_CA_Country"		: {
										"IsRange" :  "True",
										"Range"   : ["Unassigned","INDIA"],
										"Default" : "Unassigned"
									 },
			"ELGI_CA_ProductSeries": {
										"IsRange" :  "True",
										"Range"   : ["Unassigned","Rotary Vane","Claw"],
										"Default" : "Unassigned",
										"onChange": "loadProductSeries"
									 },
			"ELGI_CA_FeatureVariant": {
										"IsRange" :  "True",
										"Range"   : ["Unassigned"],
										"Default" : "Unassigned",
										"onChange": "loadFeatureVariant"
									 },
			"ELGI_CA_PhaseVariant": {
										"IsRange" :  "True",
										"Range"   : ["Unassigned", "1 PHASE","3 PHASE"],
										"Default" : "Unassigned"
									 },
			"ELGI_CA_ModelVariant": {
										"IsRange" :  "True",
										"Range"   : ["Unassigned", "1 PHASE","3 PHASE"],
										"Default" : "Unassigned"
									 },
			"ELGI_CA_LUBType"	  : {
										"IsRange" :  "True",
										"Range"   : ["Unassigned", "OIL LUBRICATED","OIL FREE(DRY)"],
										"Default" : "Unassigned",
										"onChange": "loadLUBType"
									 }
          }
        ],
		"onChange":{
			"loadFeatureVariant" : {
				"STD"	: {
					"Dependent_Attributes"  : [
						[
							{
								"AttributesToCheck.ELGI_CA_LUBType"	: ["OIL LUBRICATED"],
								"AttributesToCheck.ELGI_CA_ProductSeries"	: ["Rotary Vane"],
								"AttributesToChange.ELGI_CA_ModelVariant" :  ["Unassigned","VR 04 L","VR 08 L","VR 12 L","VR 10 L","VR 16 L","VR 25 L","VR 40 L","VR 60 L","VR 106 L","VR 151 L","VR 205 L","VR 305 L"]
								
							},
							{
								"AttributesToCheck.ELGI_CA_LUBType"	: ["OIL FREE(DRY)"],
								"AttributesToCheck.ELGI_CA_ProductSeries"	: ["Rotary Vane"],
								"AttributesToChange.ELGI_CA_ModelVariant" :  ["Unassigned","VR 05 D","VR 10 D","VR 08 D","VR 12 D","VR 16 D","VR 25 D","VR 40 D","VR 60 D","VR 100 D","VR 140 D"]
								
							},
							{
								"AttributesToCheck.ELGI_CA_ProductSeries"	: ["Claw"],
								"AttributesToChange.ELGI_CA_ModelVariant" :  ["Unassigned","VC 155 D", "VC 315 D"]
								
							},
							{
								"AttributesToCheck.ELGI_CA_ProductSeries"	: ["OTHER_VALUES"],
								"AttributesToChange.ELGI_CA_ModelVariant" :  ["Unassigned"]
								
							}
						]
					]
				},
				"KZERO"	: {
					"Dependent_Attributes"  : [
						[
							{
								"AttributesToCheck.ELGI_CA_LUBType"	: ["OIL LUBRICATED"],
								"AttributesToCheck.ELGI_CA_ProductSeries"	: ["Rotary Vane"],
								"AttributesToChange.ELGI_CA_ModelVariant" :  ["Unassigned","VR 151 L KZERO","VR 106 L KZERO","VR 205 L KZERO","VR 305 L KZERO"]
								
							},
							{
								"AttributesToCheck.ELGI_CA_ProductSeries"	: ["OTHER_VALUES"],
								"AttributesToChange.ELGI_CA_ModelVariant" :  ["Unassigned"]
								
							}
						]
					]
				},
				"WR"	: {
					"Dependent_Attributes"  : [
						[
							{
								"AttributesToCheck.ELGI_CA_ProductSeries"	: ["Rotary Vane"],
								"AttributesToChange.ELGI_CA_ModelVariant" :  ["Unassigned","VR 106 L WR","VR 25 L WR","VR 40 L WR","VR 60 L WR","VR 151 L WR"]
								
							},
							{
								"AttributesToCheck.ELGI_CA_ProductSeries"	: ["OTHER_VALUES"],
								"AttributesToChange.ELGI_CA_ModelVariant" :  ["Unassigned"]
								
							}
						]
					]
				},
				"VFD"	: {
					"Dependent_Attributes"  : [
						[
							{
								"AttributesToCheck.ELGI_CA_ProductSeries"	: ["Rotary Vane"],
								"AttributesToChange.ELGI_CA_ModelVariant" :  ["Unassigned","VR 40 L VFD"]
								
							},
							{
								"AttributesToCheck.ELGI_CA_ProductSeries"	: ["OTHER_VALUES"],
								"AttributesToChange.ELGI_CA_ModelVariant" :  ["Unassigned"]
								
							}
						]
					]
				},
				"Other" : {
					"ELGI_CA_ModelVariant" : ["Unassigned"]
				}
				
			},
			"loadProductSeries" : {
				"Rotary Vane" : {
					"ELGI_CA_FeatureVariant" 	: ["Unassigned", "STD", "WR", "KZERO", "VFD"],
					"Dependent_Attributes" : [
						[
							{
									"AttributesToCheck.ELGI_CA_LUBType"	: ["OIL LUBRICATED"],
									"AttributesToCheck.ELGI_CA_FeatureVariant"	: ["STD"],
									"AttributesToChange.ELGI_CA_ModelVariant" :  ["Unassigned","VR 04 L","VR 08 L","VR 12 L","VR 10 L","VR 16 L","VR 25 L","VR 40 L","VR 60 L","VR 106 L","VR 151 L","VR 205 L","VR 305 L"]
							},
							{
									"AttributesToCheck.ELGI_CA_LUBType"	: ["OIL LUBRICATED"],
									"AttributesToCheck.ELGI_CA_FeatureVariant"	: ["KZERO"],
									"AttributesToChange.ELGI_CA_ModelVariant" :  ["Unassigned","VR 151 L KZERO","VR 106 L KZERO","VR 205 L KZERO","VR 305 L KZERO"]
							},
							{
									"AttributesToCheck.ELGI_CA_LUBType"	: ["OIL FREE(DRY)"],
									"AttributesToCheck.ELGI_CA_FeatureVariant"	: ["STD"],
									"AttributesToChange.ELGI_CA_ModelVariant" :  ["Unassigned","VR 05 D","VR 10 D","VR 08 D","VR 12 D","VR 16 D","VR 25 D","VR 40 D","VR 60 D","VR 100 D","VR 140 D"]
							},
							{
									"AttributesToCheck.ELGI_CA_FeatureVariant"	: ["WR"],
									"AttributesToChange.ELGI_CA_ModelVariant" :  ["Unassigned","VR 106 L WR","VR 25 L WR","VR 40 L WR","VR 60 L WR","VR 151 L WR"]
							},
							{
									"AttributesToCheck.ELGI_CA_FeatureVariant"	: ["VFD"],
									"AttributesToChange.ELGI_CA_ModelVariant" :  ["Unassigned","VR 40 L VFD"]
							},
							{
								"AttributesToCheck.ELGI_CA_FeatureVariant"	: ["OTHER_VALUES"],
								"AttributesToChange.ELGI_CA_ModelVariant" :  ["Unassigned"]
							}
						]
					]
				},
				"Claw" : {
					"ELGI_CA_FeatureVariant" 	: ["Unassigned", "STD"],
					"Dependent_Attributes" : [
						[
							{
								"AttributesToCheck.ELGI_CA_FeatureVariant": ["STD"],
								"AttributesToChange.ELGI_CA_ModelVariant" :  ["Unassigned", "VC 155 D", "VC 315 D"]
							},
							{
								"AttributesToCheck.ELGI_CA_FeatureVariant"	: ["OTHER_VALUES"],
								"AttributesToChange.ELGI_CA_ModelVariant" :  ["Unassigned"]
							}
						]
					]
				},
				"Other" : {
					"ELGI_CA_FeatureVariant" 	: ["Unassigned", "STD"],
					"ELGI_CA_ModelVariant" 		: ["Unassigned"]
				}
			},
			"loadLUBType" : {
				"OIL LUBRICATED" : {
					"Dependent_Attributes" : [
						[
							{
								"AttributesToCheck.ELGI_CA_ProductSeries": ["Rotary Vane"],
								"AttributesToCheck.ELGI_CA_FeatureVariant": ["STD"],
								"AttributesToChange.ELGI_CA_ModelVariant" :  ["Unassigned","VR 04 L","VR 08 L","VR 12 L","VR 10 L","VR 16 L","VR 25 L","VR 40 L","VR 60 L","VR 106 L","VR 151 L","VR 205 L","VR 305 L"]
							},
							{
								"AttributesToCheck.ELGI_CA_ProductSeries": ["Rotary Vane"],
								"AttributesToCheck.ELGI_CA_FeatureVariant": ["KZERO"],
								"AttributesToChange.ELGI_CA_ModelVariant" :  ["Unassigned","VR 151 L KZERO","VR 106 L KZERO","VR 205 L KZERO","VR 305 L KZERO"]
							},
							{
								"AttributesToCheck.ELGI_CA_ProductSeries": ["Rotary Vane"],
								"AttributesToCheck.ELGI_CA_FeatureVariant": ["WR"],
								"AttributesToChange.ELGI_CA_ModelVariant" :  ["Unassigned","VR 106 L WR","VR 25 L WR","VR 40 L WR","VR 60 L WR","VR 151 L WR"]
							},
							{
								"AttributesToCheck.ELGI_CA_ProductSeries": ["Rotary Vane"],
								"AttributesToCheck.ELGI_CA_FeatureVariant": ["VFD"],
								"AttributesToChange.ELGI_CA_ModelVariant" :  ["Unassigned","VR 40 L VFD"]
							},
							{
								"AttributesToCheck.ELGI_CA_ProductSeries": ["Claw"],
								"AttributesToCheck.ELGI_CA_FeatureVariant": ["STD"],
								"AttributesToChange.ELGI_CA_ModelVariant" :  ["Unassigned","VC 155 D", "VC 315 D"]
							},
							{
								"AttributesToCheck.ELGI_CA_ProductSeries": ["OTHER_VALUES"],
								"AttributesToChange.ELGI_CA_ModelVariant" :  ["Unassigned"]
							}
						]
					]
				},
				"OIL FREE(DRY)" : {
					"Dependent_Attributes" : [
						[
							{
								"AttributesToCheck.ELGI_CA_ProductSeries": ["Rotary Vane"],
								"AttributesToCheck.ELGI_CA_FeatureVariant": ["STD"],
								"AttributesToChange.ELGI_CA_ModelVariant" :  ["Unassigned","VR 05 D","VR 10 D","VR 08 D","VR 12 D","VR 16 D","VR 25 D","VR 40 D","VR 60 D","VR 100 D","VR 140 D"]
							},
							{
								"AttributesToCheck.ELGI_CA_ProductSeries": ["Rotary Vane"],
								"AttributesToCheck.ELGI_CA_FeatureVariant": ["WR"],
								"AttributesToChange.ELGI_CA_ModelVariant" :  ["Unassigned","VR 106 L WR","VR 25 L WR","VR 40 L WR","VR 60 L WR","VR 151 L WR"]
							},
							{
								"AttributesToCheck.ELGI_CA_ProductSeries": ["Rotary Vane"],
								"AttributesToCheck.ELGI_CA_FeatureVariant": ["VFD"],
								"AttributesToChange.ELGI_CA_ModelVariant" :  ["Unassigned","VR 40 L VFD"]
							},
							{
								"AttributesToCheck.ELGI_CA_ProductSeries": ["Claw"],
								"AttributesToCheck.ELGI_CA_FeatureVariant": ["STD"],
								"AttributesToChange.ELGI_CA_ModelVariant" :  ["Unassigned","VC 155 D", "VC 315 D"]
							},
							{
								"AttributesToCheck.ELGI_CA_ProductSeries": ["OTHER_VALUES"],
								"AttributesToChange.ELGI_CA_ModelVariant" :  ["Unassigned"]
							}
						]
					]
				},
				"Other" : {
					"Dependent_Attributes" : [
						[
							{
								"AttributesToCheck.ELGI_CA_ProductSeries": ["Claw"],
								"AttributesToCheck.ELGI_CA_FeatureVariant": ["STD"],
								"AttributesToChange.ELGI_CA_ModelVariant" :  ["Unassigned","VC 155 D", "VC 315 D"]
							},
							{
								"AttributesToCheck.ELGI_CA_ProductSeries": ["Rotary Vane"],
								"AttributesToCheck.ELGI_CA_FeatureVariant": ["VFD"],
								"AttributesToChange.ELGI_CA_ModelVariant" :  ["Unassigned","VR 40 L VFD"]
							},
							{
								"AttributesToCheck.ELGI_CA_ProductSeries": ["Rotary Vane"],
								"AttributesToCheck.ELGI_CA_FeatureVariant": ["WR"],
								"AttributesToChange.ELGI_CA_ModelVariant" :  ["Unassigned","VR 106 L WR","VR 25 L WR","VR 40 L WR","VR 60 L WR","VR 151 L WR"]
							},
							{
								"AttributesToCheck.ELGI_CA_ProductSeries": ["OTHER_VALUES"],
								"AttributesToChange.ELGI_CA_ModelVariant" :  ["Unassigned"]
							}
						]
					]
				}
			}
		}
      }
    }
  ]
}